,Time_CPU,Time_RTC,Temperature[C],Gas[ohm],Humidity[%RS],Pressure[hPa],Altitude[m],Temp Offset,Calculated Altitude [m],,
0,10:58:15,0:10:55,15.82628906,8744,26.50333449,1000.875726,145.3599788,13.82628906,210.3710798,,
1,10:58:25,0:11:05,15.85890625,7991,29.90755078,1000.895187,145.1964915,13.85890625,210.2303399,,
2,10:58:59,0:11:16,15.79054688,7865,30.08486193,1000.899226,145.1625589,13.79054688,210.1464826,,
3,10:59:10,0:11:26,15.53429687,8301,26.46487572,1000.874829,145.3675147,13.53429687,210.1660866,,
4,10:59:20,0:11:36,15.35851562,8387,25.13434097,1000.859402,145.4971176,13.35851562,210.1682838,,
5,10:59:30,0:11:47,15.17765625,8686,24.49708692,1000.890404,145.2366775,13.17765625,209.7751221,,
6,10:59:41,0:11:57,14.97882813,9172,24.20139071,1000.850358,145.5730991,12.97882813,209.9679076,,
7,10:59:51,0:12:07,14.78019531,9627,23.96486802,1000.824212,145.7927558,12.78019531,210.0433322,,
8,11:00:02,0:12:18,14.65480469,9780,24.2529813,1000.87779,145.3426386,12.65480469,209.5008807,,
9,11:00:12,0:12:28,14.53859375,10042,24.17590251,1000.857255,145.5151568,12.53859375,209.5890661,,
10,11:00:22,0:12:39,14.50148438,9853,24.45990737,1000.864524,145.4540908,12.50148438,209.5008806,,
11,11:00:33,0:12:49,14.47472656,9789,24.88374605,1000.90262,145.1340455,12.47472656,209.1609365,,
12,11:00:43,0:12:59,14.46886719,9574,26.02360304,1000.865491,145.4459683,12.46886719,209.4689922,,
13,11:00:54,0:13:10,14.50988281,9436,26.85190806,1000.885268,145.2798162,12.50988281,209.3324775,,
14,11:01:04,0:13:20,14.67082031,9698,27.47178511,1000.890536,145.2355661,12.67082031,209.4052559,,
15,11:01:14,0:13:31,14.99796875,9445,28.3433479,1000.868249,145.4227965,12.99796875,209.831086,,
16,11:01:25,0:13:41,14.9565625,9278,29.14713791,1000.875364,145.3630211,12.9565625,209.7409812,,
17,11:01:35,0:13:52,14.94621094,9453,28.78333765,1000.858261,145.5067052,12.94621094,209.8775501,,
18,11:01:46,0:14:02,14.97765625,9302,28.6212173,1000.86902,145.4163187,12.97765625,209.8097968,,
19,11:01:56,0:14:12,14.89640625,9689,28.22030197,1000.920142,144.9868526,12.89640625,209.3199851,,
20,11:02:07,0:14:23,14.80949219,10013,27.70032914,1000.858897,145.5013633,12.80949219,209.7725957,,
21,11:02:17,0:14:33,14.75265625,9909,31.06454304,1000.888523,145.2524739,12.75265625,209.4817418,,
22,11:02:27,0:14:44,14.74875,9698,30.67414558,1000.909522,145.0760659,12.74875,209.3020975,,
23,11:02:38,0:14:54,14.83253906,9937,30.56448727,1000.910711,145.066079,12.83253906,209.3529999,,
24,11:02:48,0:15:04,14.93097656,10515,29.66911232,1001.093981,143.5265846,12.93097656,207.8806801,,
25,11:02:59,0:15:15,14.77824219,11688,26.98074872,1001.026903,144.0900222,12.77824219,208.3352032,,
26,11:03:09,0:15:25,14.776875,12078,26.41291632,1001.566901,139.5550536,12.776875,203.7890125,,
27,11:03:19,0:15:36,15.03195313,12099,25.91489971,1001.006796,144.258928,13.03195313,208.6882258,,
28,11:03:30,0:15:46,14.95460938,12333,25.63521055,1000.961392,144.6403252,12.95460938,209.0147334,,
29,11:03:40,0:15:56,15.76164062,11995,26.67160173,1001.023367,144.1197266,13.76164062,209.076632,,
30,11:03:51,0:16:07,16.24230469,11820,28.04353528,1001.177197,142.8276414,14.24230469,208.1228337,,
31,11:04:01,0:16:17,16.51964844,12016,26.87651806,1000.97421,144.5326555,14.51964844,210.0415686,,
32,11:04:11,0:16:28,16.41164063,11800,26.63483199,1000.94057,144.8152444,14.41164063,210.2481044,,
33,11:04:22,0:16:38,16.32921875,11873,26.27665282,1000.942218,144.8014012,14.32921875,210.1743084,,
34,11:04:32,0:16:48,16.61222656,11432,28.49044492,1001.016778,144.1750789,14.61222656,209.7480091,,
35,11:04:43,0:16:59,16.47296875,11760,29.32240257,1001.069259,143.7342401,14.47296875,209.2027479,,
36,11:04:53,0:17:09,16.46339844,11975,28.46182331,1001.080998,143.6356368,14.46339844,209.0964262,,
37,11:05:03,0:17:20,16.32140625,12113,28.29655999,1000.98437,144.4473069,14.32140625,209.8118166,,
38,11:05:14,0:17:30,16.17511719,12355,30.17871546,1001.107595,143.4122339,14.17511719,208.6632886,,
39,11:05:24,0:17:41,16.08957031,13242,29.45070925,1001.076467,143.6736958,14.08957031,208.8648484,,
40,11:05:35,0:17:51,16.30871094,13835,29.31421952,1001.341823,141.4450507,14.30871094,206.7774987,,
41,11:05:45,0:18:01,16.32921875,14171,29.0564101,1001.189903,142.7209251,14.32921875,208.0778038,,
42,11:05:56,0:18:12,16.38664062,14789,27.62854809,1001.153919,143.0231506,14.38664062,208.4236869,,
43,11:06:06,0:18:22,16.64796875,15306,27.57284395,1001.12391,143.2752044,14.64796875,208.8660765,,
44,11:06:17,0:18:33,16.37707031,15885,26.37764334,1001.055561,143.849299,14.37707031,209.2494424,,
45,11:06:27,0:18:43,16.03839844,16483,25.47895162,1001.012648,144.20977,14.03839844,209.3675601,,
46,11:06:37,0:18:54,15.82042969,16496,26.28667294,1001.106674,143.4199752,13.82042969,208.4152726,,
47,11:06:48,0:19:04,15.73996094,15873,29.47679868,1001.145678,143.0923681,13.73996094,208.0277806,,
48,11:06:58,0:19:15,16.26261719,15385,29.30485003,1001.086887,143.5861782,14.26261719,208.9016372,,
49,11:07:09,0:19:25,16.68,15441,27.30258795,1001.087251,143.5831159,14.68,209.1998197,,
50,11:07:19,0:19:35,16.95675781,15000,29.22460757,1001.068526,143.7403974,14.95675781,209.5584205,,
51,11:07:30,0:19:46,17.14464844,15579,29.00265545,1001.102757,143.4528754,15.14464844,209.403591,,
52,11:07:40,0:19:56,17.43410156,16030,28.6018698,1001.069914,143.7287445,15.43410156,209.8914419,,
53,11:07:50,0:20:07,17.8846875,15441,27.8799575,1001.081394,143.6323096,15.8846875,210.1192042,,
54,11:08:01,0:20:17,18.17414063,15718,26.6193014,1001.109645,143.3950219,16.17414063,210.0875432,,
55,11:08:11,0:20:27,18.50265625,16329,24.57611477,1001.091391,143.5483445,16.50265625,210.4801141,,
56,11:08:22,0:20:38,18.73957031,16666,25.38956703,1001.073873,143.6954871,16.73957031,210.8006008,,
57,11:08:32,0:20:48,18.87902344,17184,24.01475774,1001.075379,143.6828391,16.87902344,210.8884552,,
58,11:08:43,0:20:59,19.00167969,17440,24.2160484,1001.056082,143.8449248,17.00167969,211.1418737,,
59,11:08:53,0:21:09,19.06300781,18055,23.20757356,1001.067132,143.7521102,17.06300781,211.0917833,,
60,11:09:03,0:21:20,19.25148438,18402,22.83344432,1001.031562,144.0508895,17.25148438,211.5320584,,
61,11:09:14,0:21:30,19.14601563,18714,24.35502027,1001.07927,143.6501574,17.14601563,211.0480094,,
62,11:09:24,0:21:40,19.39660156,18831,22.80105005,1001.021316,144.1369588,17.39660156,211.7246926,,
63,11:09:35,0:21:51,19.43625,17795,24.14578579,1000.948239,144.7508207,17.43625,212.3786277,,
64,11:09:45,0:22:01,19.58761719,18243,22.30110494,1017.270092,8.535663092,17.58761719,73.8892662,,
65,11:09:56,0:22:12,19.62082031,17901,21.03203194,1001.106401,143.4222643,17.62082031,211.1585762,,
66,11:10:06,0:22:22,19.42980469,17240,25.12309921,1001.096632,143.5043228,17.42980469,211.1043835,,
67,11:10:16,0:22:33,19.28410156,16587,26.05880002,1001.133564,143.1941144,17.28410156,210.6834685,,
68,11:10:27,0:22:43,19.16652344,15385,31.22399555,1001.147541,143.0767238,17.16652344,210.4793068,,
69,11:10:37,0:22:54,19.03234375,14676,31.81536483,1001.147963,143.0731777,17.03234375,210.3790855,,
70,11:10:48,0:23:04,18.7940625,14990,29.00797706,1001.080652,143.6385455,16.7940625,210.782086,,
71,11:10:58,0:23:14,18.51984375,15766,25.7618903,1001.078258,143.6586567,16.51984375,210.6045209,,
72,11:11:09,0:23:25,18.29035156,16279,25.00603545,1001.100853,143.4688695,16.29035156,210.2462685,,
73,11:11:19,0:23:35,18.11339844,16653,24.3551431,1001.106226,143.4237339,16.11339844,210.0728504,,
74,11:11:29,0:23:46,18.08332031,15533,27.58902306,1001.111892,143.3761454,16.08332031,210.0029113,,
75,11:11:40,0:23:56,18.05519531,14326,35.02167076,1001.120769,143.3015832,16.05519531,209.907047,,
76,11:11:50,0:24:07,18.03546875,13360,36.90424236,1001.171063,142.879157,16.03546875,209.4646444,,
77,11:12:01,0:24:17,18.02453125,12775,37.60472382,1001.125461,143.2621744,16.02453125,209.8449991,,
78,11:12:11,0:24:27,17.99699219,12532,38.13008413,1001.128397,143.2375162,15.99699219,209.8001611,,
79,11:12:22,0:24:38,17.97023438,12268,37.56979286,1001.160205,142.9703583,15.97023438,209.5101412,,
80,11:12:32,0:24:48,17.93371094,12036,38.90714332,1001.141439,143.1279722,15.93371094,209.6435624,,
81,11:12:42,0:24:59,17.8878125,11826,39.36360304,1001.155505,143.009832,15.8878125,209.4908161,,
82,11:12:53,0:25:09,17.86671875,11117,40.48466457,1001.189726,142.7224087,15.86671875,209.1844625,,
83,11:13:03,0:25:19,17.81886719,11000,39.24369436,1001.145391,143.094781,15.81886719,209.5272314,,
84,11:13:14,0:25:30,17.81105469,10898,37.56500183,1001.146314,143.0870255,15.81105469,209.5137505,,
85,11:13:24,0:25:41,17.82140625,10526,39.32684456,1001.17026,142.8859031,15.82140625,209.3174913,,
86,11:13:35,0:25:51,17.82316406,10308,40.20577622,1001.152468,143.0353376,15.82316406,209.4701161,,
87,11:13:45,0:26:01,17.8175,10129,41.02880194,1001.184513,142.7661934,15.8175,209.1934316,,
88,11:13:56,0:26:12,17.79386719,10042,40.47664354,1001.186959,142.74565,15.79386719,209.1556347,,
89,11:14:06,0:26:22,17.77082031,10032,38.36510544,1001.183472,142.7749344,15.77082031,209.1687229,,
90,11:14:17,0:26:33,17.69289063,10526,33.4393095,1001.117154,143.3319449,15.69289063,209.6766294,,
91,11:14:27,0:26:43,17.55617188,11260,29.17523208,1001.126304,143.2550945,15.55617188,209.5002951,,
92,11:14:37,0:26:54,17.53566406,11224,28.07668116,1001.078731,143.6546841,15.53566406,209.8898596,,
93,11:14:48,0:27:04,17.54523438,10808,33.95056175,1001.094498,143.5222446,15.54523438,209.7627498,,
94,11:14:58,0:27:14,17.54582031,10697,35.00640941,1001.102356,143.45624,15.54582031,209.6963804,,
95,11:15:09,0:27:25,17.55871094,10515,35.98969652,1001.08913,143.567338,15.55871094,209.8181079,,
96,11:15:19,0:27:35,17.5753125,10208,37.48793264,1001.123374,143.2797049,15.5753125,209.5389955,,
97,11:15:30,0:27:46,17.61496094,10023,39.90355456,1001.119761,143.3100529,15.61496094,209.5982893,,
98,11:15:40,0:27:56,17.65207031,9771,41.90403083,1001.118851,143.3176914,15.65207031,209.632772,,
99,11:15:51,0:28:07,17.705,9531,43.40825875,1001.150891,143.0485831,15.705,209.398461,,
100,11:16:01,0:28:17,17.76574219,9213,44.92712934,1001.182002,142.7872786,15.76574219,209.1775726,,
101,11:16:11,0:28:28,17.81183594,9015,44.90815055,1001.168288,142.9024675,15.81183594,209.3273838,,
102,11:16:22,0:28:38,17.8315625,8938,44.30540708,1001.138718,143.1508283,15.8315625,209.5931447,,
103,11:16:32,0:28:48,17.85519531,9007,39.22984032,1001.16385,142.939738,15.85519531,209.3963329,,
104,11:16:43,0:28:59,17.87570313,8892,42.5622768,1001.121769,143.2931891,15.87570313,209.7691613,,
105,11:16:53,0:29:09,17.88976562,8938,42.86008908,1001.151825,143.0407381,15.88976562,209.5235335,,
106,11:17:03,0:29:20,17.89484375,8892,44.6671916,1001.139499,143.1442657,15.89484375,209.6320772,,
107,11:17:14,0:29:30,17.88839844,8810,45.34649723,1001.170263,142.8858805,15.88839844,209.3656609,,
108,11:17:24,0:29:40,17.89035156,8759,44.48941978,1001.180376,142.8009402,15.89035156,209.2810114,,
109,11:17:35,0:29:51,17.90832031,8657,44.89520083,1001.168591,142.8999229,15.90832031,209.3942197,,
110,11:17:45,0:30:01,17.91710937,8587,46.23008946,1001.155479,143.0100487,15.91710937,209.5121237,,
111,11:17:56,0:30:12,17.92550781,8517,45.56598232,1001.176207,142.8359517,15.92550781,209.3417666,,
112,11:18:06,0:30:22,17.9128125,8531,45.80433445,1001.182886,142.7798595,15.9128125,209.2758037,,
113,11:18:16,0:30:33,17.87570313,8773,42.53208257,1001.149354,143.061496,15.87570313,209.5344389,,
114,11:18:27,0:30:43,17.90578125,8700,42.87403723,1001.164409,142.935045,15.90578125,209.4279778,,
115,11:18:37,0:30:53,17.91535156,8708,42.03615335,1001.152584,143.0343636,15.91535156,209.5354945,,
116,11:18:48,0:31:04,17.93058594,8700,42.03788343,1001.150086,143.0553424,15.93058594,209.5677186,,
117,11:18:58,0:31:14,17.94855469,8579,43.05455464,1001.124502,143.2702271,15.94855469,209.798404,,
118,11:19:09,0:31:25,17.98625,8503,43.16800254,1001.152092,143.0384948,15.98625,209.5907204,,
119,11:19:19,0:31:35,18.03039062,8448,43.54335446,1001.148905,143.0652624,16.03039062,209.6496295,,
120,11:19:30,0:31:46,18.08019531,8341,44.7566002,1001.168832,142.8978935,16.08019531,209.5158132,,
121,11:19:40,0:31:56,18.11203125,8314,44.81549459,1001.179861,142.8052605,16.11203125,209.4447969,,
122,11:19:50,0:32:06,18.13,8327,44.25532205,1001.161156,142.9623699,16.13,209.6170196,,
123,11:20:01,0:32:17,18.14796875,8361,43.44167377,1001.156246,143.0036091,16.14796875,209.671768,,
124,11:20:11,0:32:27,18.05402344,8885,36.79533353,1001.139534,143.1439729,16.05402344,209.7464334,,
125,11:20:22,0:32:38,18.05265625,8818,40.02258664,1001.192468,142.6993818,16.05265625,209.2947735,,
126,11:20:32,0:32:48,18.05460937,8729,40.95946295,1001.154295,143.0199924,16.05460937,209.621177,,
127,11:20:43,0:32:59,18.04816406,8722,41.88871609,1001.205765,142.5877034,16.04816406,209.1783407,,
128,11:20:53,0:33:09,17.94464844,9124,38.72529484,1001.152555,143.0346116,15.94464844,209.5568363,,
129,11:21:03,0:33:19,17.90128906,9636,33.91013262,1001.170804,142.8813358,15.90128906,209.3703296,,
130,11:21:14,0:33:30,17.87316406,9807,35.04993873,1001.145172,143.0966193,15.87316406,209.568193,,
131,11:21:24,0:33:40,17.71339844,10632,31.48196665,1001.164726,142.9323827,15.71339844,209.286854,,
132,11:21:35,0:33:51,17.54777344,11432,27.79794401,1001.126253,143.2555254,15.54777344,209.4946787,,
133,11:21:45,0:34:01,17.47628906,11787,29.85068249,1001.104967,143.434313,15.47628906,209.62404,,
134,11:21:56,0:34:12,17.46925781,11793,33.05412766,1001.100274,143.4737341,15.46925781,209.6588495,,
135,11:22:06,0:34:22,17.46476562,11900,30.30070009,1001.092872,143.5359052,15.46476562,209.7185041,,
136,11:22:19,0:34:35,17.50050781,11152,37.5270195,1001.11041,143.388591,15.50050781,209.5952483,,
137,11:22:29,0:34:46,17.54523438,10808,38.63575757,1001.128962,143.2327675,15.54523438,209.4698197,,
138,11:22:40,0:34:56,17.58292969,10400,41.31400124,1001.156603,143.0006065,15.58292969,209.2620229,,
139,11:22:50,0:35:07,17.62316406,10090,42.78706588,1001.133275,143.1965433,15.62316406,209.4893084,,
140,11:23:01,0:35:17,17.65910156,9928,43.20280689,1001.116646,143.3362113,15.65910156,209.6565889,,
141,11:23:11,0:35:27,17.68136719,9853,43.21750835,1001.174009,142.854417,15.68136719,209.1848746,,
142,11:23:22,0:35:38,17.708125,9918,41.78411479,1001.176723,142.831624,15.708125,209.1810429,,
143,11:23:32,0:35:48,17.74972656,9825,40.82993152,1001.162516,142.9509463,15.74972656,209.3317914,,
144,11:23:43,0:35:59,17.75304687,9752,42.81409538,1001.195565,142.673367,15.75304687,209.0530932,,
145,11:23:53,0:36:09,17.67746094,10380,36.00735949,1001.126208,143.2558982,15.67746094,209.588517,,
146,11:24:04,0:36:20,17.65519531,10932,32.74771953,1001.137787,143.158643,15.65519531,209.4740189,,
147,11:24:14,0:36:30,17.66535156,11024,32.98712876,1001.10626,143.4234494,15.66535156,209.7494099,,
148,11:24:24,0:36:41,17.68898438,10797,37.86296131,1001.138297,143.1543627,15.68898438,209.4940245,,
149,11:24:35,0:36:51,17.65460938,11024,36.77794395,1001.11614,143.3404635,15.65460938,209.6576548,,
150,11:24:45,0:37:01,17.69230469,10875,37.50002062,1001.157555,142.9926091,15.69230469,209.3326513,,
151,11:24:56,0:37:12,17.705,10687,39.1368346,1001.171575,142.8748615,15.705,209.2225723,,
152,11:25:06,0:37:22,17.72296875,10380,40.80306795,1001.118439,143.321153,15.72296875,209.6873862,,
153,11:25:17,0:37:33,17.67316406,10411,40.42164092,1001.146707,143.083729,15.67316406,209.4111216,,
154,11:25:27,0:37:43,17.70050781,10557,37.0158321,1001.136597,143.1686448,15.70050781,209.516785,,
155,11:25:38,0:37:54,17.60792969,10954,36.23242199,1001.087497,143.5810522,15.60792969,209.8675123,,
156,11:25:49,0:38:05,17.59445313,11682,34.4306438,1001.099762,143.4780299,15.59445313,209.7535157,,
157,11:26:00,0:38:16,17.58800781,11382,36.84108212,1001.10293,143.4514189,15.58800781,209.7219334,,
158,11:26:11,0:38:27,17.58097656,11760,35.93397717,1001.112026,143.3750195,15.58097656,209.6395412,,
159,11:26:22,0:38:38,17.56886719,11787,36.83913344,1001.085183,143.6004881,15.56886719,209.8589867,,
160,11:26:32,0:38:48,17.6175,11284,37.91417877,1001.103263,143.4486238,15.6175,209.7403783,,
161,11:26:43,0:38:59,17.63605469,11714,36.27008188,1001.092468,143.5392982,15.63605469,209.8455473,,
162,11:26:55,0:39:11,17.64933594,11988,33.05952625,1001.114347,143.3555264,15.64933594,209.6691009,,
163,11:27:05,0:39:21,17.60910156,12443,28.68797786,1001.07564,143.680641,15.60910156,209.9691576,,
164,11:27:16,0:39:32,17.53507812,13276,26.14676367,1001.057087,143.8364822,15.53507812,210.0733982,,
165,11:27:26,0:39:42,17.54523438,13446,29.53444949,1001.108284,143.4064528,15.54523438,209.6455766,,
166,11:27:36,0:39:53,17.56828125,13293,33.24535711,1001.077325,143.6664952,15.56828125,209.9253638,,
167,11:27:47,0:40:03,17.62960938,12791,37.8215883,1001.061169,143.8021962,15.62960938,210.107009,,
168,11:27:57,0:40:13,17.57921875,13013,34.90029897,1001.088451,143.573041,15.57921875,209.8386811,,
169,11:28:08,0:40:24,17.78371094,14057,27.77310638,1002.287294,133.5081945,15.78371094,199.7941318,,
170,11:28:18,0:40:34,18.07941406,14414,25.89606827,1000.974391,144.5311301,16.07941406,211.1710196,,
171,11:28:29,0:40:45,18.09484375,15498,23.77763154,1001.165358,142.9270713,16.09484375,209.555933,,
172,11:28:39,0:40:55,17.81496094,16692,22.6455985,999.0841308,160.4220569,15.81496094,227.0779822,,
173,11:28:49,0:41:06,16.79503906,18386,21.47721615,993.0643135,211.1918334,14.79503906,277.574063,,
174,11:29:00,0:41:16,16.59445313,19105,22.00754076,985.6771717,273.8349636,14.59445313,340.7071594,,
175,11:29:10,0:41:27,15.45109375,20364,22.01677076,977.6948495,341.9540092,13.45109375,408.0534907,,
176,11:29:21,0:41:37,14.8190625,21621,20.87553901,973.128694,381.1231035,12.8190625,446.6192952,,
177,11:29:31,0:41:47,14.76105469,22429,21.10469064,966.6040895,437.3510887,12.76105469,503.2242016,,
178,11:29:42,0:41:58,14.18390625,22477,21.06377237,959.5519257,498.4721507,12.18390625,563.8027497,,
179,11:29:52,0:42:08,13.52960938,24001,21.07512433,952.7051836,558.1618039,11.52960938,622.6096803,,
180,11:30:03,0:42:19,12.83742188,24999,21.90672876,946.884782,609.1776156,10.83742188,672.4058615,,
181,11:30:13,0:42:29,12.64015625,25376,21.89427398,939.2891435,676.1366575,10.64015625,739.3178174,,
182,11:30:24,0:42:40,11.9690625,26378,21.72787578,932.6983045,734.5941366,9.9690625,796.349264,,
183,11:30:34,0:42:50,11.76085937,27074,22.59189272,926.0570142,793.8384049,9.760859375,855.363127,,
184,11:30:45,0:43:01,11.21828125,28218,21.17629146,919.4405344,853.2044378,9.21828125,913.4195839,,
185,11:30:55,0:43:11,10.94992188,28976,21.1395157,913.7491211,904.5477481,8.949921875,964.194081,,
186,11:31:05,0:43:21,10.23800781,30356,20.87640814,907.2624944,963.3815346,8.238007813,1020.874346,,
187,11:31:16,0:43:32,10.23742187,30800,22.04414358,918.0072028,866.1104958,8.237421875,923.2104421,,
188,11:31:26,0:43:42,9.8565625,31634,22.00502541,896.2144112,1064.376547,7.8565625,1120.996437,,
189,11:31:37,0:43:53,9.2596875,32640,21.88060061,889.0407201,1130.495264,7.2596875,1185.06703,,
190,11:31:47,0:44:03,8.8846875,33498,21.18008279,882.3433137,1192.615215,6.8846875,1245.92008,,
191,11:31:58,0:44:14,8.43859375,34123,21.32254486,875.8818399,1252.909752,6.43859375,1304.531694,,
192,11:32:08,0:44:24,8.043085937,35178,21.21215691,870.4708007,1303.679991,6.043085937,1353.705991,,
193,11:32:19,0:44:35,7.415546875,35868,22.47368222,863.1079642,1373.175415,5.415546875,1420.445497,,
194,11:32:29,0:44:45,7.109492187,36745,21.91468796,858.3962112,1417.900409,5.109492187,1463.802315,,
195,11:32:40,0:44:56,6.772773438,37465,22.83156632,852.3426164,1475.655141,4.772773438,1520.032035,,
196,11:32:50,0:45:06,6.188203125,38742,21.76232377,846.3542169,1533.11559,4.188203125,1574.507609,,
197,11:33:01,0:45:17,6.088398438,40223,18.59658203,840.4291694,1590.293065,4.088398438,1631.367404,,
198,11:33:11,0:45:27,6.054023438,41781,15.92871018,835.5219785,1637.895722,4.054023438,1679.025844,,
199,11:33:22,0:45:38,5.549140625,43285,14.0395337,829.3313257,1698.272723,3.549140625,1736.659061,,
200,11:33:32,0:45:48,4.919257813,49558,13.06207799,825.047761,1740.263993,2.919257813,1774.883894,,
201,11:33:42,0:45:59,5.122382813,50179,10.95462286,819.8891786,1791.067901,3.122382813,1827.269038,,
202,11:33:53,0:46:09,4.903828125,52368,10.34942141,814.4099635,1845.313779,2.903828125,1880.408285,,
203,11:34:04,0:46:20,4.555,54970,9.826987133,810.3221589,1885.977073,2.555,1918.953127,,
204,11:34:14,0:46:30,4.452070313,56371,9.414751017,804.0421991,1948.771537,2.452070313,1981.461474,,
205,11:34:25,0:46:41,4.592109375,55995,9.518514236,799.0740259,1998.73118,2.592109375,2032.851273,,
206,11:34:35,0:46:51,4.726289062,56522,9.749814814,792.8403135,2061.77402,2.726289062,2097.535249,,
207,11:34:45,0:47:02,4.568476563,57765,9.476971013,786.9276042,2121.942463,2.568476563,2157.195547,,
208,11:34:56,0:47:12,4.526875,55006,13.90864354,781.2597243,2179.964112,2.526875,2215.626185,,
209,11:35:06,0:47:23,4.215742188,52173,20.87509252,775.8425211,2235.739035,2.215742188,2269.635236,,
210,11:35:17,0:47:33,4.178632813,49124,26.82706955,770.8028767,2287.910505,2.178632813,2322.234163,,
211,11:35:28,0:47:44,3.825898437,43285,31.67501516,765.6823129,2341.203324,1.825898437,2373.319165,,
212,11:35:38,0:47:54,3.613789063,40769,34.76393894,759.6439026,2404.420811,1.613789063,2435.643733,,
213,11:35:49,0:48:05,3.275703125,38564,38.87574684,780.9429006,2183.217458,1.275703125,2208.924831,,
214,11:35:59,0:48:15,3.05734375,36745,40.78681534,748.8782435,2518.145426,1.05734375,2546.146034,,
215,11:36:10,0:48:26,2.328242188,35838,41.92572594,743.9039146,2571.140135,0.328242188,2593.165102,,
216,11:36:20,0:48:36,2.3378125,34743,42.86620167,738.7960441,2625.856981,0.3378125,2648.81519,,
217,11:36:31,0:48:47,1.67140625,34515,43.1794494,733.1621667,2686.564953,-0.32859375,2703.987187,,
218,11:36:41,0:48:57,1.6784375,33875,42.73574535,727.4432555,2748.576768,-0.3215625,2767.052786,,
219,11:36:51,0:49:08,1.809492188,33181,42.47665581,722.2720063,2804.990906,-0.190507813,2825.791178,,
220,11:37:02,0:49:18,1.307148438,33339,41.70894306,716.8420045,2864.580928,-0.692851563,2881.253691,,
221,11:37:12,0:49:28,1.500703125,32742,42.06890914,711.702444,2921.321229,-0.499296875,2941.133362,,
222,11:37:23,0:49:39,1.458710937,32666,40.95545996,706.7751778,2976.03018,-0.541289063,2996.526988,,
223,11:37:33,0:49:50,0.997382813,32819,40.36919547,701.4306923,3035.721915,-1.002617188,3052.404224,,
224,11:37:44,0:50:00,1.18,32767,40.53782775,697.3376109,3081.68643,-0.82,3101.432407,,
225,11:37:54,0:50:10,0.868867187,32895,39.90954192,693.433945,3125.727819,-1.131132813,3142.941586,,
226,11:38:05,0:50:21,0.543671875,33392,40.69391419,688.1124684,3186.089532,-1.456328125,3200.928703,,
227,11:38:15,0:50:31,0.3034375,33713,39.7125157,681.9648018,3256.295126,-1.6965625,3269.951935,,
228,11:38:26,0:50:42,-0.085039063,35149,35.64463783,676.8930774,3314.600403,-2.085039063,3324.971742,,
229,11:38:36,0:50:52,-0.153984375,35267,33.03788382,672.0385024,3370.741578,-2.153984375,3381.648537,,
230,11:38:47,0:51:03,-0.42234375,36333,31.48332314,668.4974196,3411.900237,-2.42234375,3420.499736,,
231,11:38:57,0:51:13,-0.371367188,36777,30.23579062,664.4092073,3459.638416,-2.371367188,3470.118867,,
232,11:39:07,0:51:24,-0.021757813,37299,28.84912311,659.404981,3518.397749,-2.021757813,3535.009948,,
233,11:39:18,0:51:34,-0.621757813,38706,27.1576305,654.6429422,3574.64957,-2.621757813,3585.062822,,
234,11:39:28,0:51:44,-0.341875,39767,26.13332845,650.3554127,3625.580386,-2.341875,3641.216624,,
235,11:39:39,0:51:55,-0.8684375,41087,25.33151297,646.0117938,3677.455464,-2.8684375,3687.597578,,
236,11:39:49,0:52:06,-1.398125,42671,25.13212153,655.3423613,3566.366933,-3.398125,3566.355786,,
237,11:40:00,0:52:16,-1.789140625,43826,24.6417636,636.2316942,3795.299467,-3.789140625,3796.299541,,
238,11:40:10,0:52:27,-1.9371875,47460,23.61368069,632.7417438,3837.706345,-3.9371875,3837.895003,,
239,11:40:21,0:52:37,-2.26375,47974,23.75356997,627.667448,3899.703968,-4.26375,3897.118591,,
240,11:40:31,0:52:47,-2.560234375,48810,23.85424878,622.6111915,3961.88618,-4.560234375,3956.916242,,
241,11:40:42,0:52:58,-2.594023438,49442,23.99600931,617.9288594,4019.835564,-4.594023438,4016.205746,,
242,11:40:52,0:53:08,-3.004960938,50878,23.31689962,613.4322002,4075.822676,-5.004960938,4067.858739,,
243,11:41:03,0:53:19,-3.163359375,51723,23.24668217,608.8530231,4133.179759,-5.163359375,4124.688426,,
244,11:41:13,0:53:29,-3.36453125,52173,22.7216002,603.9073329,4195.521341,-5.36453125,4186.023727,,
245,11:41:24,0:53:40,-3.700664063,53809,22.84508695,599.4772162,4251.715981,-5.700664063,4238.879522,,
246,11:41:34,0:53:50,-3.423320313,53399,23.49219052,595.0842097,4307.772912,-5.423320313,4301.312447,,
247,11:41:45,0:54:01,-4.228398438,56522,22.84127531,589.7316134,4376.529342,-6.228398438,4359.597536,,
248,11:41:55,0:54:11,-4.482109375,59147,20.86166447,585.7493007,4428.012451,-6.482109375,4408.769985,,
249,11:42:05,0:54:22,-4.905546875,61754,20.10070243,581.2999167,4485.870141,-6.905546875,4461.692291,,
250,11:42:16,0:54:32,-5.266679688,63817,19.31958519,576.9787928,4542.404244,-7.266679688,4514.191922,,
251,11:42:26,0:54:43,-5.642265625,65713,18.94937053,572.0949647,4606.714514,-7.642265625,4574.424272,,
252,11:42:37,0:54:53,-5.765507813,67237,18.75325198,573.4380495,4588.984589,-7.765507813,4553.96395,,
253,11:42:47,0:55:03,-5.97703125,68609,17.70513339,563.6925603,4718.405231,-7.97703125,4684.411739,,
254,11:42:58,0:55:14,-6.589140625,70272,17.51006162,559.0086466,4781.253536,-8.589140625,4738.784585,,
255,11:43:08,0:55:24,-6.539335938,69980,17.48329604,554.5829213,4841.030506,-8.539335938,4801.701139,,
256,11:43:19,0:55:35,-6.55203125,67616,19.87808301,551.3836141,4884.483599,-8.55203125,4846.621015,,
257,11:43:29,0:55:45,-7.251054688,67345,21.03626042,547.1954831,4941.676539,-9.251054688,4893.257431,,
258,11:43:40,0:55:56,-7.708476563,67453,22.06130833,543.4587189,4993.005617,-9.708476563,4938.081185,,
259,11:43:50,0:56:06,-7.951835938,65764,23.65822813,539.0214575,5054.32937,-9.951835938,4997.195276,,
260,11:44:01,0:56:17,-8.1965625,64901,25.50818051,535.3529948,5105.33761,-10.1965625,5045.546664,,
261,11:44:12,0:56:28,-8.225273438,62675,26.10126671,531.5122641,5159.045323,-10.22527344,5100.834102,,
262,11:44:22,0:56:38,-8.947734375,64453,26.75505665,527.1101607,5220.990995,-10.94773438,5151.241493,,
263,11:44:33,0:56:49,-9.021171875,65254,26.37122729,523.1018785,5277.760305,-11.02117188,5208.825788,,
264,11:44:43,0:56:59,-9.495195313,66810,25.74361767,519.1342808,5334.301337,-11.49519531,5258.23619,,
265,11:44:54,0:57:10,-9.714335938,67453,25.26273098,514.4143466,5402.021215,-11.71433594,5324.295153,,
266,11:45:04,0:57:20,-9.656132812,67023,25.88935187,539.6815201,5045.181367,-11.65613281,4955.641798,,
267,11:45:15,0:57:31,-10.12703125,66704,25.27575205,505.5302302,5530.863848,-12.12703125,5450.080443,,
268,11:45:25,0:57:41,-10.53386719,68609,24.94577151,502.2757155,5578.521737,-12.53386719,5491.298652,,
269,11:45:35,0:57:52,-10.61257813,70390,24.57868802,499.1310518,5624.809124,-12.61257813,5537.917311,,
270,11:45:46,0:58:02,-10.99207031,70865,24.02423927,494.9486688,5686.738325,-12.99207031,5594.483692,,
271,11:45:56,0:58:12,-11.68191406,72892,23.851467,490.977844,5745.928316,-13.68191406,5641.411721,,
272,11:46:07,0:58:23,-11.53171875,72956,24.46852649,507.1926311,5506.616064,-13.53171875,5395.832861,,
273,11:46:17,0:58:33,-12.398125,76473,22.93829629,483.8683808,5852.87877,-14.398125,5737.287575,,
274,11:46:28,0:58:44,-12.67722656,80041,22.2645035,479.7867015,5914.85729,-14.67722656,5795.73482,,
275,11:46:38,0:58:54,-13.11941406,83375,22.52764195,480.1685009,5909.041771,-15.11941406,5779.841255,,
276,11:46:49,0:59:05,-13.37351563,84211,20.90976291,471.1581619,6047.296141,-15.37351563,5918.23741,,
277,11:46:59,0:59:15,-13.44070312,86020,21.0051558,467.9375685,6097.232368,-15.44070312,5968.848631,,
278,11:47:10,0:59:26,-13.86042969,89501,19.72440394,463.4842642,6166.742594,-15.86042969,6031.778605,,
279,11:47:20,0:59:36,-14.05261719,92049,19.34748931,459.3898434,6231.129931,-16.05261719,6094.603517,,
280,11:47:31,0:59:47,-13.64695313,91052,18.87130799,455.8548688,6287.094471,-15.64695313,6162.822363,,
281,11:47:41,0:59:57,-14.29929688,92454,19.52616222,451.6208031,6354.59119,-16.29929688,6218.034571,,
282,11:47:51,1:00:07,-14.65691406,94215,19.22079182,448.7321992,6400.934044,-16.65691406,6257.994878,,
283,11:48:02,1:00:18,-15.28425781,94321,17.9331235,445.3731222,6455.129615,-17.28425781,6299.522256,,
284,11:48:12,1:00:28,-15.44792969,93586,18.92330077,441.2840725,6521.551099,-17.44792969,6365.099791,,
285,11:48:23,1:00:39,-16.33777344,88371,18.18848167,438.0920715,6573.748386,-18.33777344,6397.694093,,
286,11:48:33,1:00:49,-16.23933594,87090,18.18270748,433.9566406,6641.833014,-18.23933594,6471.470567,,
287,11:48:44,1:01:00,-16.648125,88558,18.53987305,430.2825294,6702.764736,-18.648125,6525.011895,,
288,11:48:54,1:01:10,-17.06667969,89501,17.92264452,426.8827706,6759.523005,-19.06667969,6573.826388,,
289,11:49:05,1:01:21,-17.54636719,90855,18.14268259,423.0198473,6824.459646,-19.54636719,6629.524951,,
290,11:49:15,1:01:31,-17.74128906,90855,18.89537793,420.0292789,6875.062352,-19.74128906,6677.510092,,
291,11:49:26,1:01:42,-18.15007813,93715,18.89402106,416.5329772,6934.593692,-20.15007813,6729.213943,,
292,11:49:36,1:01:52,-18.30339844,93767,18.96487348,412.793158,6998.720939,-20.30339844,6792.446811,,
293,11:49:47,1:02:03,-18.95046875,96958,19.27137009,408.806768,7067.596242,-20.95046875,6847.405693,,
294,11:49:57,1:02:13,-19.5184375,99423,19.08165568,405.0677924,7132.692831,-21.5184375,6900.320169,,
295,11:50:07,1:02:24,-19.94441406,99777,19.49781466,401.628219,7193.007819,-21.94441406,6951.934659,,
296,11:50:18,1:02:34,-20.34558594,104038,19.23758297,398.3335465,7251.175353,-22.34558594,7001.874128,,
297,11:50:28,1:02:44,-20.59480469,104686,19.29062689,394.642224,7316.810321,-22.59480469,7063.797645,,
298,11:50:39,1:02:55,-20.76082031,103717,19.1981105,390.912391,7383.636898,-22.76082031,7129.309282,,
299,11:50:49,1:03:05,-21.58542969,104038,19.40257353,386.767239,7458.513113,-23.58542969,7184.515436,,
300,11:51:00,1:03:16,-21.87351563,102703,19.86789095,383.2704926,7522.183767,-23.87351563,7243.088207,,
301,11:51:10,1:03:26,-22.23191406,104038,20.97301107,380.5904793,7571.302064,-24.23191406,7284.295348,,
302,11:51:21,1:03:37,-22.56082031,102703,20.83871551,376.232385,7651.776929,-24.56082031,7359.224505,,
303,11:51:31,1:03:47,-22.91667969,103525,20.9806647,373.3752363,7704.946487,-24.91667969,7404.610163,,
304,11:51:42,1:03:58,-23.26804688,103525,21.44971975,370.5562338,7757.73003,-25.26804688,7449.646257,,
305,11:51:52,1:04:08,-23.29617187,102390,21.65397627,366.982888,7825.107348,-25.29617187,7519.675895,,
306,11:52:03,1:04:19,-23.85125,102892,22.22581833,363.4587875,7892.078425,-25.85125,7573.383887,,
307,11:52:13,1:04:29,-24.0090625,101956,22.23436799,359.7804945,7962.542893,-26.0090625,7642.769373,,
308,11:52:23,1:04:39,-22.91863281,94293,23.30192838,357.1947739,8012.427092,-24.91863281,7729.051383,,
309,11:52:34,1:04:50,-23.64109375,95255,25.42863161,355.2053897,8051.00606,-25.64109375,7747.526251,,
310,11:52:44,1:05:00,-24.22429688,98781,25.26666243,351.061653,8131.92821,-26.22429688,7814.917811,,
311,11:52:55,1:05:11,-24.17625,96347,26.39126574,347.960606,8192.995384,-26.17625,7881.087647,,
312,11:53:05,1:05:21,-24.78835937,96735,25.87554354,344.7828562,8256.031897,-26.78835937,7928.408767,,
313,11:53:16,1:05:32,-25.05457031,95852,26.06728806,342.0945063,8309.728656,-27.05457031,7976.756449,,
314,11:53:26,1:05:42,-25.78542969,99130,26.57576827,339.3571606,8364.756279,-27.78542969,8011.428803,,
315,11:53:37,1:05:53,-26.14441406,98147,27.50315088,336.1116375,8430.467192,-28.14441406,8069.282528,,
316,11:53:47,1:06:03,-26.30730469,95743,27.01857356,333.1176333,8491.542864,-28.30730469,8128.611689,,
317,11:53:58,1:06:14,-26.70378906,96126,27.02710144,330.1145284,8553.252335,-28.70378906,8180.88366,,
318,11:54:08,1:06:24,-27.36238281,97918,27.78478179,326.5853747,8626.355026,-29.36238281,8236.34982,,
319,11:54:19,1:06:35,-28.03191406,98492,28.03972247,324.1089068,8678.035281,-30.03191406,8268.527898,,
320,11:54:29,1:06:45,-28.53386719,98955,27.38567664,320.9570134,8744.275134,-30.53386719,8321.568112,,
321,11:54:40,1:06:56,-29.18347656,98319,27.73903594,317.609708,8815.200974,-31.18347656,8374.336878,,
322,11:54:50,1:07:06,-30.22078125,100015,27.5840294,314.4389088,8882.94726,-32.22078125,8410.077186,,
323,11:55:01,1:07:17,-30.42839844,101219,27.24779258,312.2058016,8930.991847,-32.42839844,8453.526826,,
324,11:55:11,1:07:27,-31.173125,104038,27.05534438,308.7985148,9004.837496,-33.173125,8505.314982,,
325,11:55:22,1:07:38,-31.26121094,101463,27.52782884,305.418963,9078.736675,-33.26121094,8580.13517,,
326,11:55:32,1:07:48,-31.29324219,98723,27.34216211,303.1089482,9129.63062,-33.29324219,8632.747444,,
327,11:55:43,1:07:59,-31.67136719,98319,27.68646991,299.8221488,9202.58903,-33.67136719,8696.316296,,
328,11:55:53,1:08:09,-32.25828125,98897,27.74627511,296.8813878,9268.417281,-34.25828125,8744.682006,,
329,11:56:03,1:08:20,-32.36941406,98549,28.63360529,295.2216206,9305.804202,-34.36941406,8780.161108,,
330,11:56:14,1:08:30,-32.59363281,98319,28.25321876,291.6696512,9386.389112,-34.59363281,8857.217384,,
331,11:56:24,1:08:40,-33.57527344,102142,27.95421966,289.1265819,9444.574229,-35.57527344,8882.485153,,
332,11:56:35,1:08:51,-33.78210938,102955,28.77179961,287.101682,9491.200772,-35.78210938,8924.059912,,
333,11:56:45,1:09:01,-34.21199219,102955,28.31711786,292.7566971,9361.64289,-36.21199219,8771.611763,,
334,11:56:56,1:09:12,-35.10867187,106073,27.41306465,280.4189962,9646.993982,-37.10867187,9038.705094,,
335,11:57:07,1:09:23,-35.3309375,107360,27.47702778,277.7030342,9711.171268,-37.3309375,9098.016476,,
336,11:57:17,1:09:33,-36.36179687,109814,27.91347608,275.3993485,9766.006185,-38.36179687,9116.316553,,
337,11:57:28,1:09:44,-37.45710938,114215,27.47345794,272.1285187,9844.503708,-39.45710938,9156.57518,,
338,11:57:38,1:09:54,-37.40417969,112987,26.77242334,269.7520736,9902.017214,-39.40417969,9219.157551,,
339,11:57:49,1:10:05,-37.35886719,111637,26.90082218,266.9148014,9971.223216,-39.35886719,9293.908783,,
340,11:57:59,1:10:15,-37.21707031,110754,26.6615896,264.5359366,10029.70845,-39.21707031,9361.323623,,
341,11:58:10,1:10:26,-37.48660156,111267,26.80538558,262.1958712,10087.65676,-39.48660156,9411.921355,,
342,11:58:20,1:10:36,-38.10613281,112083,26.7050907,259.3824049,10157.88519,-40.10613281,9461.402957,,
343,11:58:31,1:10:47,-38.63484375,114138,26.71449609,256.8531667,10221.54731,-40.63484375,9507.385122,,
344,11:58:41,1:10:57,-38.88523437,111194,27.14392567,254.0200689,10293.46329,-40.88523437,9573.289767,,
345,11:58:52,1:11:08,-39.54949219,113445,26.63697432,251.4641683,10358.90225,-41.54949219,9615.293612,,
346,11:59:02,1:11:18,-39.63953125,112987,27.39677304,248.7890192,10427.97373,-41.63953125,9684.691322,,
347,11:59:13,1:11:29,-39.5309375,112684,27.84968605,262.304713,10084.95219,-41.5309375,9327.436584,,
348,11:59:23,1:11:39,-39.73328125,111711,27.93079992,244.9296848,10528.68781,-41.73328125,9787.621279,,
349,11:59:34,1:11:50,-40.1153125,111637,27.04701876,242.6361026,10589.15196,-42.1153125,9835.77851,,
350,11:59:45,1:12:01,-40.50496094,112836,27.69865926,240.2044515,10653.76346,-42.50496094,9887.923378,,
351,11:59:55,1:12:11,-40.64089844,112609,27.31716965,238.2640327,10705.70343,-42.64089844,9937.347887,,
352,12:00:06,1:12:22,-40.95007813,114215,27.63505011,235.8087941,10771.91693,-42.95007813,9994.53585,,
353,12:00:16,1:12:32,-41.22214844,113906,27.26545134,233.3929185,10837.61601,-43.22214844,10052.73581,,
354,12:00:27,1:12:43,-41.7075,114138,27.65518332,231.2773662,10895.60165,-43.7075,10093.38603,,
355,12:00:37,1:12:53,-42.08113281,113906,27.12036905,229.1513558,10954.30824,-44.08113281,10139.55406,,
356,12:00:48,1:13:04,-42.68328125,118398,26.94736409,226.8916522,11017.19204,-44.68328125,10179.98537,,
357,12:00:58,1:13:14,-43.12019531,120779,26.87549272,224.0469004,11097.08188,-45.12019531,10245.64126,,
358,12:01:11,1:13:27,-43.48347656,125560,27.06442339,221.4205836,11171.56986,-45.48347656,10308.72989,,
359,12:01:21,1:13:38,-44.07429688,129128,27.65601505,220.229021,11205.60127,-46.07429688,10318.39238,,
360,12:01:32,1:13:48,-44.44402344,132174,27.59613564,215.9677045,11328.5389,-46.44402344,10432.54354,,
361,12:01:42,1:13:59,-44.75945313,132070,27.15083642,215.3129684,11347.60154,-46.75945313,10438.45319,,
362,12:01:53,1:14:09,-45.23660156,133857,26.75448516,212.9967741,11415.41649,-47.23660156,10488.79977,,
363,12:02:03,1:14:19,-45.5028125,137469,26.59174288,211.3180751,11464.94064,-47.5028125,10529.27398,,
364,12:02:15,1:14:31,-46.50671875,144811,26.68142812,208.4019733,11551.73252,-48.50671875,10575.02657,,
365,12:02:26,1:14:42,-46.11140625,143085,27.50225728,206.666235,11603.86117,-48.11140625,10649.05415,,
366,12:02:36,1:14:52,-46.71101563,148915,26.34386485,205.0014221,11654.19389,-48.71101563,10674.53972,,
367,12:02:47,1:15:03,-47.4371875,149312,27.04241661,202.9256465,11717.41706,-49.4371875,10707.54758,,
368,12:02:57,1:15:14,-47.6184375,150246,26.0135938,201.2452889,11768.98141,-49.6184375,10753.84242,,
369,12:03:08,1:15:24,-47.68503906,148652,26.14306529,199.0327178,11837.41195,-49.68503906,10823.62767,,
370,12:03:18,1:15:34,-48.19070312,152287,25.90220452,197.413739,11887.87513,-50.19070312,10853.13455,,
371,12:03:29,1:15:45,-48.37136719,150112,26.37686166,194.9017697,11966.83998,-50.37136719,10928.67647,,
372,12:03:39,1:15:55,-48.89382812,151737,26.14060513,193.0347658,12026.06564,-50.89382812,10966.45808,,
373,12:03:50,1:16:06,-49.55984375,155960,25.88264475,190.5017312,12107.16533,-51.55984375,11020.33892,,
374,12:04:00,1:16:16,-50.36003906,160119,26.10541647,188.3204957,12177.70422,-52.36003906,11055.99864,,
375,12:04:11,1:16:27,-50.38113281,160578,25.71848299,186.7808558,12227.89392,-52.38113281,11108.48207,,
376,12:04:21,1:16:37,-51.004375,163546,25.39839188,184.9686907,12287.39848,-53.004375,11140.79952,,
377,12:04:32,1:16:48,-51.37097656,166956,25.70802629,182.6989112,12362.5989,-53.37097656,11202.56824,,
378,12:04:42,1:16:58,-51.37800781,164024,25.00375358,180.4769835,12436.95025,-53.37800781,11281.64527,,
379,12:04:53,1:17:09,-51.01765625,160425,25.51816322,178.5102289,12503.38383,-53.01765625,11371.22225,,
380,12:05:03,1:17:19,-51.6340625,164828,25.6389844,176.7960943,12561.76946,-53.6340625,11402.23129,,
381,12:05:14,1:17:30,-51.94558594,171907,24.77172984,174.8363959,12629.08356,-53.94558594,11458.36826,,
382,12:05:24,1:17:40,-52.40085938,176602,24.78520291,172.8267293,12698.75153,-54.40085938,11509.48861,,
383,12:05:35,1:17:51,-52.99929687,192917,24.92625425,171.1771828,12756.4273,-54.99929687,11540.08817,,
384,12:05:45,1:18:01,-53.4059375,199797,25.01057093,168.9913694,12833.55075,-55.4059375,11601.43592,,
385,12:05:56,1:18:12,-53.62761719,201748,24.72443879,166.9541452,12906.16211,-55.62761719,11667.66605,,
386,12:06:06,1:18:22,-53.49929687,197883,25.19373996,165.0428387,12974.94071,-55.49929687,11748.51586,,
387,12:06:17,1:18:33,-53.58484375,202613,24.70015307,163.3280516,13037.1986,-55.58484375,11811.06521,,
388,12:06:27,1:18:43,-53.08347656,211967,25.39374289,161.7788792,13093.90032,-55.08347656,11899.42591,,
389,12:06:38,1:18:54,-53.36140625,221631,24.65334768,159.7033558,13170.56032,-55.36140625,11967.46946,,
390,12:06:48,1:19:04,-53.14871094,216976,25.00889194,157.6447689,13247.39579,-55.14871094,12062.59871,,
391,12:06:59,1:19:15,-53.14871094,228052,25.15833324,156.0901528,13305.96112,-55.14871094,12126.41927,,
392,12:07:09,1:19:25,-53.02917969,239277,25.75982551,154.7814131,13355.63111,-55.02917969,12187.25877,,
393,12:07:20,1:19:36,-52.91492187,239798,25.33602244,152.7017065,13435.26534,-54.91492187,12280.7906,,
394,12:07:30,1:19:46,-52.98386719,245133,25.60510774,150.9625033,13502.53844,-54.98386719,12350.76767,,
395,12:07:40,1:19:56,-52.95652344,244047,25.20572352,149.2222218,13570.48434,-54.95652344,12427.03447,,
396,12:07:51,1:20:07,-53.52410156,265404,25.15852636,147.5587908,13636.03218,-55.52410156,12467.06778,,
397,12:08:01,1:20:17,-53.52917969,280017,25.05880802,146.0580037,13695.68643,-55.52917969,12532.49792,,
398,12:08:12,1:20:28,-53.51785156,275811,25.08883646,144.4290338,13761.00016,-55.51785156,12605.24817,,
399,12:08:22,1:20:38,-53.63132813,276967,25.50173349,142.6216645,13834.16859,-55.63132813,12679.65195,,
400,12:08:33,1:20:49,-53.58933594,283620,24.94357204,140.991461,13900.8116,-55.58933594,12755.96078,,
401,12:08:43,1:20:59,-53.2590625,288572,25.29658101,139.4373413,13964.92776,-55.2590625,12846.49087,,
402,12:08:54,1:21:10,-53.19265625,294484,26.17466849,139.3325062,13969.27359,-55.19265625,12855.21298,,
403,12:09:04,1:21:20,-53.091875,294484,25.223898,136.5077216,14087.38116,-55.091875,12993.03556,,
404,12:09:15,1:21:31,-53.01648437,293439,25.94064745,135.3200258,14137.63177,-55.01648437,13053.79513,,
405,12:09:25,1:21:41,-52.83777344,303682,25.97315899,133.746282,14204.76883,-49.83777344,13139.83053,,
406,12:09:36,1:21:52,-52.35867187,307926,25.49849078,132.7186989,14248.95227,-49.35867187,13218.25128,,
407,12:09:46,1:22:02,-51.95144531,296067,25.65940251,131.3902188,14306.48589,-48.95144531,13307.76822,,
408,12:09:57,1:22:13,-52.00300781,292659,25.88931629,130.1082949,14362.45156,-49.00300781,13368.13327,,
409,12:10:07,1:22:23,-51.90164062,287818,25.64509517,128.9873332,14411.75712,-48.90164062,13430.29913,,
410,12:10:19,1:22:35,-51.67097656,287068,25.80382457,127.6703226,14470.13115,-48.67097656,13510.83488,,
411,12:10:29,1:22:45,-51.60457031,288824,25.97045059,126.261737,14533.1062,-48.60457031,13586.83149,,
412,12:10:40,1:22:56,-51.78796875,284352,25.8874085,124.9120848,14593.98238,-48.78796875,13645.21892,,
413,12:10:50,1:23:06,-51.54265625,268421,26.51026107,123.5857589,14654.32752,-48.54265625,13729.58533,,
414,12:11:01,1:23:17,-51.49089844,250330,26.60701415,122.2817436,14714.17099,-48.49089844,13801.61641,,
415,12:11:11,1:23:27,-51.24949219,239798,26.27763961,121.2154454,14763.49044,-48.24949219,13873.53515,,
416,12:11:22,1:23:38,-51.02097656,245133,26.32651283,120.0156595,14819.4059,-48.02097656,13952.49941,,
417,12:11:32,1:23:48,-50.94617187,246228,26.18664074,118.8888247,14872.3352,-47.94617187,14018.55482,,
418,12:11:43,1:23:59,-51.19792969,246964,26.4095001,117.6285902,14932.01388,-48.19792969,14071.90633,,
419,12:11:53,1:24:10,-50.798125,249574,26.86057723,116.5970728,14981.24813,-47.798125,14154.58094,,
420,12:12:04,1:24:20,-51.21375,253206,26.52534015,115.31112,15043.12289,-48.21375,14200.16943,,
421,12:12:14,1:24:30,-50.945,246595,27.01540481,114.3356325,15090.4331,-47.945,14272.62215,,
422,12:12:25,1:24:41,-50.84988281,249386,27.72946491,113.2202595,15144.9298,-47.84988281,14342.52083,,
423,12:12:35,1:24:51,-50.67292969,251473,26.65508151,112.0682437,15201.67514,-47.67292969,14420.53851,,
424,12:12:46,1:25:02,-50.67859375,254571,26.90808398,110.7377563,15267.8023,-47.67859375,14497.94543,,
425,12:12:56,1:25:12,-50.61414062,255555,27.02067024,109.6855593,15320.55511,-47.61414062,14564.3348,,
426,12:13:07,1:25:23,-50.55730469,261209,27.18405168,108.4654835,15382.24019,-47.55730469,14640.93591,,
427,12:13:17,1:25:33,-50.63269531,267335,27.4881091,107.4631052,15433.34064,-47.63269531,14696.44991,,
428,12:13:28,1:25:44,-50.35300781,261003,27.88571663,106.0145879,15507.87107,-47.35300781,14803.42538,,
429,12:13:38,1:25:54,-50.50183594,265191,27.75550447,105.3397666,15542.87446,-47.50183594,14835.15361,,
430,12:13:49,1:26:05,-50.07898437,270840,27.67062245,113.248385,15143.55027,-47.07898437,14390.63639,,
431,12:13:59,1:26:15,-50.1059375,282892,28.34077928,103.4089425,15644.04035,-47.1059375,14982.31208,,
432,12:14:10,1:26:26,-50.0465625,283620,27.83971761,101.8385096,15727.45764,-47.0465625,15086.23778,,
433,12:14:21,1:26:37,-49.94675781,277199,27.96927471,100.5429427,15797.06249,-46.94675781,15176.63678,,
434,12:14:31,1:26:47,-49.92507812,276735,28.38494427,99.64168834,15845.91229,-46.92507812,15236.94562,,
435,12:14:41,1:26:57,-49.96082031,273529,27.91787214,98.44819364,15911.15571,-46.96082031,15313.23009,,
436,12:14:52,1:27:08,-49.95066406,273529,28.23050966,96.11500058,16040.57388,-46.95066406,15470.62917,,
437,12:15:02,1:27:18,-49.79167969,276503,28.27941964,95.79138146,16058.7248,-46.79167969,15503.69938,,
438,12:15:13,1:27:29,-49.44871094,264766,27.89607021,95.51871952,16074.05625,-46.44871094,15546.17041,,
439,12:15:23,1:27:39,-49.25535156,261209,27.61348712,94.59646683,16126.17744,-46.25535156,15623.19254,,
440,12:15:34,1:27:50,-49.04460938,253595,27.82662194,93.64768409,16180.22912,-46.04460938,15704.02404,,
441,12:15:44,1:28:00,-48.92703125,246964,28.10510262,92.64204655,16238.00604,-45.92703125,15783.12443,,
442,12:15:55,1:28:11,-48.56179687,228525,28.24519655,91.66027073,16294.90401,-45.56179687,15878.87306,,
443,12:16:05,1:28:21,-48.56550781,215983,28.39400545,90.62067336,16355.69346,-45.56550781,15953.59664,,
444,12:16:16,1:28:32,-48.67292969,220596,27.52211536,89.8113232,16403.41157,-45.67292969,16004.91384,,
445,12:16:26,1:28:42,-48.53484375,217977,27.52978588,88.8466412,16460.74481,-45.53484375,16085.76217,,
446,12:16:37,1:28:53,-48.72722656,230759,28.22157924,87.92894177,16515.75552,-45.72722656,16140.1904,,
447,12:16:47,1:29:03,-48.79167969,227895,27.68313267,87.01486577,16571.01312,-45.79167969,16204.18302,,
448,12:16:58,1:29:14,-48.69265625,228842,27.80753577,85.88585214,16639.91664,-45.69265625,16297.1402,,
449,12:17:08,1:29:24,-48.22449219,233201,28.29780646,85.10477773,16688.01593,-45.22449219,16391.2818,,
450,12:17:19,1:29:35,-48.49148437,234026,28.15421561,83.95941726,16759.19878,-45.49148437,16460.92779,,
451,12:17:29,1:29:45,-48.56238281,243867,27.76909428,82.96995909,16821.32832,-45.56238281,16533.66702,,
452,12:17:40,1:29:56,-48.55847656,260797,27.74873653,82.19654913,16870.31099,-45.55847656,16595.5227,,
453,12:17:50,1:30:06,-48.54578125,262245,28.35842302,81.36390174,16923.4643,-45.54578125,16663.39929,,
454,12:18:01,1:30:17,-48.79421875,270618,28.61083528,81.30053344,16927.52751,-45.79421875,16650.08438,,
455,12:18:11,1:30:27,-48.80242188,271954,28.12789666,79.69488346,17031.34877,-45.80242188,16780.46757,,
456,12:18:21,1:30:37,-48.57703125,271954,27.20835578,78.7622508,17092.43277,-45.57703125,16874.70679,,
457,12:18:32,1:30:48,-48.20789062,246595,27.80136055,77.99390484,17143.19816,-45.20789062,16966.99178,,
458,12:18:43,1:30:58,-48.15691406,229159,27.91481395,77.0840565,17203.83911,-45.15691406,17048.1164,,
459,12:18:53,1:31:09,-48.61472656,231567,27.98286731,76.15304506,17266.49351,-45.61472656,17093.29143,,
460,12:19:04,1:31:20,-48.52917969,235359,27.22449474,75.35046365,17321.00468,-45.52917969,17169.46526,,
461,12:19:14,1:31:30,-48.73347656,246228,27.76079828,74.63666787,17369.88198,-45.73347656,17216.37372,,
462,12:19:24,1:31:40,-48.52917969,244227,27.12796393,73.81985339,17426.28008,-45.52917969,17304.39851,,
463,12:19:35,1:31:51,-48.46023437,247704,27.79145006,73.03124531,17481.2121,-45.46023437,17380.34868,,
464,12:19:46,1:32:02,-48.29421875,254375,27.64652542,75.94927531,17280.28929,-45.29421875,17135.32603,,
465,12:19:56,1:32:12,-48.27,259772,27.04145952,71.31839686,17602.19855,-45.27,17551.28717,,
466,12:20:07,1:32:23,-48.23738281,267335,27.62720103,70.49591499,17661.13228,-45.23738281,17630.19823,,
467,12:20:17,1:32:33,-48.01199219,266259,28.0046127,70.06343008,17692.345,-45.01199219,17688.41983,,
468,12:20:29,1:32:45,-47.80378906,262245,27.48264149,68.6233423,17797.41443,-44.80378906,17841.7685,,
469,12:20:39,1:32:55,-47.60769531,238243,27.42538132,67.7581578,17861.40018,-44.60769531,17941.05844,,
470,12:20:49,1:33:05,-47.50496094,241198,27.90206317,67.3202817,17894.03631,-44.50496094,17992.05229,,
471,12:21:00,1:33:16,-47.20339844,242436,26.97100831,66.28760522,17971.69072,-44.20339844,18118.33708,,
472,12:21:10,1:33:26,-47.36492188,244588,26.37604841,65.59747022,18024.13478,-44.36492188,18174.55337,,
473,12:21:21,1:33:37,-46.83171875,237217,27.46150371,64.98635578,18070.94826,-43.83171875,18279.47862,,
474,12:21:31,1:33:47,-46.63699219,226025,26.59781367,64.26005364,18127.05137,-43.63699219,18369.72565,,
475,12:21:42,1:33:58,-46.52195313,215280,27.09668964,63.62010003,18176.91161,-43.52195313,18445.44989,,
476,12:21:52,1:34:08,-46.4996875,203111,26.91958069,62.87881509,18235.17703,-43.4996875,18525.01762,,
477,12:22:03,1:34:19,-46.53855469,224643,26.92383511,61.93875004,18309.87198,-43.53855469,18621.75886,,
478,12:22:13,1:34:29,-46.65554687,246595,26.98224296,61.09860276,18377.40858,-43.65554687,18702.68792,,
479,12:22:24,1:34:40,-46.07,243328,26.54405621,60.52515109,18423.93949,-43.07,18813.71966,,
480,12:22:34,1:34:50,-46.50867187,265191,27.25449323,59.7989464,18483.38008,-43.50867187,18857.4551,,
481,12:22:45,1:35:01,-46.09871094,268421,26.8368695,59.20411773,18532.50444,-43.09871094,18958.00597,,
482,12:22:55,1:35:11,-45.96453125,258553,26.74354223,58.5297378,18588.68435,-42.96453125,19045.39287,,
483,12:23:06,1:35:22,-45.94734375,269076,26.72366808,57.93462426,18638.69792,-42.94734375,19114.80032,,
484,12:23:16,1:35:32,-45.62488281,269515,26.49306337,57.33134922,18689.82377,-42.62488281,19211.64315,,
485,12:23:27,1:35:43,-45.398125,274210,26.45260441,56.69445025,18744.27406,-42.398125,19305.26413,,
486,12:23:37,1:35:53,-45.47410156,277431,26.30966456,56.03552877,18801.1309,-42.47410156,19376.73304,,
487,12:23:48,1:36:04,-45.31707031,259569,26.33329874,55.40784904,18855.79767,-42.31707031,19465.22106,,
488,12:23:58,1:36:14,-45.24285156,259772,26.15857811,54.80555096,18908.72734,-42.24285156,19544.47603,,
489,12:24:09,1:36:25,-44.94207031,259772,26.73076075,54.23236938,18959.53748,-41.94207031,19640.49963,,
490,12:24:19,1:36:35,-44.8559375,265404,26.25792369,53.57638406,19018.2242,-41.8559375,19729.23524,,
491,12:24:30,1:36:46,-44.93191406,262871,26.65003023,53.93148547,18986.38382,-41.93191406,19678.53918,,
492,12:24:40,1:36:56,-44.81570312,269955,25.82625958,52.36629437,19128.02694,-41.81570312,19885.40145,,
493,12:24:51,1:37:07,-45.05652344,301742,25.61026663,51.83391006,19176.98696,-42.05652344,19932.65386,,
494,12:25:01,1:37:17,-44.96375,308213,25.87314574,51.29656573,19226.81776,-41.96375,20010.36457,,
495,12:25:12,1:37:28,-44.86355469,329404,26.38887035,51.26776195,19229.5008,-41.86355469,20022.90424,,
496,12:25:22,1:37:38,-44.64578125,325192,26.34338618,50.53309,19298.35088,-41.64578125,20138.54683,,
497,12:25:33,1:37:49,-44.63054688,372876,25.78025685,49.70708334,19376.73515,-41.63054688,20250.13126,,
498,12:25:43,1:37:59,-44.48738281,376585,25.88895211,49.03689799,19441.1115,-41.48738281,20353.67452,,
499,12:25:54,1:38:10,-44.13289063,369129,24.57405598,48.70624052,19473.13645,-41.13289063,20430.58434,,
500,12:26:04,1:38:20,-44.09460937,380639,24.38654924,48.11944885,19530.40458,-41.09460937,20515.26575,,
501,12:26:15,1:38:31,-43.87117188,415221,25.45202386,47.68116969,19573.54862,-40.87117188,20596.68529,,
502,12:26:26,1:38:42,-43.89988281,441992,24.31175306,47.14264322,19627.00287,-40.89988281,20670.32725,,
503,12:26:37,1:38:53,-43.80339844,447289,25.42859646,46.97601939,19643.64212,-40.80339844,20702.79657,,
504,12:26:47,1:39:03,-43.57351562,461420,24.57202061,46.11068323,19730.83228,-40.57351562,20848.48982,,
505,12:26:58,1:39:14,-43.22039063,454245,24.65974443,45.59139059,19783.79361,-40.22039063,20956.78426,,
506,12:27:08,1:39:24,-42.9278125,426287,23.80094985,45.15885458,19828.28102,-39.9278125,21047.68976,,
507,12:27:19,1:39:35,-43.01667969,435122,23.94676442,44.71333658,19874.46583,-40.01667969,21106.35262,,
508,12:27:29,1:39:45,-43.05046875,484026,23.41452798,44.24765414,19923.14101,-40.05046875,21173.7687,,
509,12:27:40,1:39:56,-43.06511719,542234,23.03207345,43.78573377,19971.83449,-40.06511719,21243.09859,,
510,12:27:50,1:40:06,-42.70828125,496914,23.1675614,43.39567462,20013.27767,-39.70828125,21336.40327,,
511,12:28:01,1:40:17,-42.585625,478170,23.29784241,43.003436,20055.2577,-39.585625,21409.03836,,
512,12:28:11,1:40:27,-42.49929687,471128,23.27046313,42.57300785,20101.68334,-39.49929687,21484.97103,,
513,12:28:22,1:40:38,-42.28601562,432044,22.8547506,42.14811909,20147.88576,-39.28601562,21572.62012,,
514,12:28:32,1:40:48,-42.19910156,401571,22.47178299,41.69261203,20197.8384,-39.19910156,21654.19902,,
515,12:28:43,1:40:59,-41.75476562,350722,22.28784294,41.28620841,20242.78058,-38.75476562,21762.20718,,
516,12:28:53,1:41:09,-41.66023438,372876,21.97005226,40.8440455,20292.08591,-38.66023438,21844.05794,,
517,12:29:04,1:41:20,-41.18503906,391052,23.18960252,41.05221049,20268.81999,-38.18503906,21854.38135,,
518,12:29:14,1:41:30,-40.78386719,386108,23.33701016,39.92651204,20395.79446,-37.78386719,22081.29132,,
519,12:29:25,1:41:41,-40.18738281,364650,23.37195606,41.90822062,20174.13915,-37.18738281,21807.6465,,
520,12:29:35,1:41:51,-40.54890625,359104,22.00171042,39.1546055,20484.54827,-37.54890625,22236.53878,,
521,12:29:46,1:42:02,-40.55085938,358715,22.99985402,38.81787302,20523.71018,-37.55085938,22295.15865,,
522,12:29:56,1:42:12,-40.26667969,347041,22.16875975,38.37214161,20575.9739,-37.26667969,22401.12549,,
523,12:30:07,1:42:23,-40.37078125,338165,22.16130567,37.96655676,20623.95918,-37.37078125,22463.51497,,
524,12:30:17,1:42:33,-40.44226563,339206,22.21778078,37.5795568,20670.1342,-37.44226563,22526.4053,,
525,12:30:28,1:42:44,-40.56941406,354104,23.10218985,37.28210524,20705.88714,-37.56941406,22568.19801,,
526,12:30:38,1:42:54,-40.06296875,374695,22.04773382,36.8201762,20761.87044,-37.06296875,22702.40303,,
527,12:30:49,1:43:05,-39.85535156,415221,22.37840506,36.44026688,20808.34119,-36.85535156,22793.45035,,
528,12:30:59,1:43:15,-40.21550781,456405,21.89857271,36.01324845,20861.04499,-37.21550781,22838.63287,,
529,12:31:10,1:43:26,-39.78054687,481252,22.1858944,35.68049476,20902.46629,-36.78054687,22944.69005,,
530,12:31:20,1:43:36,-39.023125,433438,21.89498349,35.31787987,20947.96241,-36.023125,23089.16329,,
531,12:31:31,1:43:47,-39.24929687,401331,21.31446092,34.84019027,21008.47746,-36.24929687,23160.0934,,
532,12:31:41,1:43:57,-38.66492188,355245,22.47282977,35.62607338,20909.27042,-35.66492188,23064.85412,,
533,12:31:52,1:44:08,-37.79753906,362252,21.77728723,34.19973988,21090.67462,-34.79753906,23431.65856,,
534,12:32:02,1:44:18,-37.94382812,391965,21.34824747,33.81086231,21141.19433,-34.94382812,23495.82785,,
535,12:32:13,1:44:29,-37.74832031,405693,21.22334705,33.48264497,21184.20101,-34.74832031,23582.57405,,
536,12:32:23,1:44:39,-37.37664063,383902,21.25253687,33.19155636,21222.62923,-34.37664063,23680.06999,,
537,12:32:34,1:44:50,-37.08425781,391965,22.2677564,33.37471413,21198.41789,-34.08425781,23671.41001,,
538,12:32:45,1:45:01,-36.8575,374278,21.87089094,32.55629896,21307.45009,-33.8575,23865.87077,,
539,12:32:55,1:45:11,-36.84910156,381287,21.15604347,32.18804539,21357.2355,-33.84910156,23945.40307,,
540,12:33:06,1:45:21,-36.42195313,381287,22.14538838,32.03071931,21378.64562,-33.42195313,24022.63954,,
541,12:33:16,1:45:32,-36.3746875,375417,21.26062421,31.55607503,21443.75892,-33.3746875,24130.90663,,
542,12:33:27,1:45:42,-36.53757812,380855,21.28022057,31.21428312,21491.13998,-33.53757812,24189.73157,,
543,12:33:37,1:45:53,-36.08914062,407910,21.655103,30.93435708,21530.25879,-33.08914062,24298.08643,,
544,12:33:48,1:46:03,-35.66121094,383464,20.76097996,30.61274665,21575.55829,-32.66121094,24414.59896,,
545,12:33:58,1:46:14,-35.16375,358326,21.58971591,31.15712192,21499.10494,-32.16375,24342.9514,,
546,12:34:09,1:46:24,-35.03660156,335420,21.30819583,29.43192621,21745.25595,-32.03660156,24752.98129,,
547,12:34:19,1:46:35,-34.585625,289837,20.88278739,29.69739899,21706.63036,-31.585625,24737.1581,,
548,12:34:29,1:46:45,-34.84441406,303962,20.27620745,29.34519625,21757.93606,-31.84441406,24793.54582,,
549,12:34:40,1:46:56,-34.1871875,295538,20.3474513,29.09198883,21795.12997,-31.1871875,24922.54093,,
550,12:34:51,1:47:06,-33.91179688,280492,20.51822876,28.72944439,21848.84352,-30.91179688,25039.08001,,
551,12:35:01,1:47:17,-34.04597656,280730,20.59584793,28.43608794,21892.70957,-31.04597656,25096.86946,,
552,12:35:12,1:47:28,-34.07917969,265404,21.02270009,28.12205474,21940.07542,-31.07917969,25171.09548,,
553,12:35:22,1:47:38,-34.13542969,254964,20.77087721,27.79789727,21989.41966,-31.13542969,25246.28599,,
554,12:35:33,1:47:49,-33.59753906,266904,21.89851864,27.35257688,22057.97304,-30.59753906,25416.34284,,
555,12:35:43,1:47:59,-33.67546875,272178,21.51773227,27.25139833,22073.6745,-30.67546875,25434.05195,,
556,12:35:54,1:48:10,-32.74363281,263500,21.23662427,26.92730588,22124.28882,-29.74363281,25617.21063,,
557,12:36:04,1:48:20,-33.12371094,267768,20.7334922,26.65618182,22167.01127,-30.12371094,25647.81053,,
558,12:36:15,1:48:31,-32.34890625,271507,21.6363246,26.43737366,22201.74734,-29.34890625,25788.6987,,
559,12:36:25,1:48:41,-32.24421875,279307,20.61591848,26.05693355,22262.70086,-29.24421875,25902.12191,,
560,12:36:36,1:48:52,-31.68796875,248823,21.67680263,46.80166013,19661.1051,-28.68796875,21822.72192,,
561,12:36:47,1:49:03,-30.79109375,241550,20.95998273,25.58749382,22338.91495,-27.79109375,26187.33452,,
562,12:36:57,1:49:13,-31.10925781,251282,20.54533152,25.22552516,22398.45787,-28.10925781,26253.8963,,
563,12:37:08,1:49:24,-31.11238281,248823,21.62258509,25.14279472,22412.16386,-28.11238281,26276.83088,,
564,12:37:18,1:49:34,-30.65828125,253595,20.6894633,24.68516117,22488.64681,-27.65828125,26456.51479,,
565,12:37:29,1:49:45,-30.42449219,223882,21.07809386,24.46348902,22526.1077,-27.42449219,26546.11169,,
566,12:37:39,1:49:55,-29.30613281,211560,21.84848487,52.84571325,19084.2815,-26.30613281,21171.0658,,
567,12:37:50,1:50:06,-29.67664063,218121,20.53336465,23.92527412,22618.21901,-26.67664063,26786.44665,,
568,12:38:00,1:50:16,-29.77625,226490,20.4868482,23.60501427,22673.82814,-26.77625,26871.49062,,
569,12:38:11,1:50:27,-29.898125,236707,20.36279072,23.3383237,22720.60374,-26.898125,26938.93738,,
570,12:38:22,1:50:38,-29.573125,228525,20.45977407,23.07964975,22766.38861,-26.573125,27054.39501,,
571,12:38:32,1:50:48,-29.1559375,238759,20.09407865,22.79092418,22817.98591,-26.1559375,27190.64247,,
572,12:38:43,1:50:59,-29.40378906,233036,19.76560581,22.55490809,22860.55829,-26.40378906,27237.29266,,
573,12:38:53,1:51:09,-29.45300781,214581,20.15639097,22.28075081,22910.4658,-26.45300781,27319.03025,,
574,12:39:06,1:51:22,-28.295,222976,20.99917529,22.15915021,22932.76125,-25.295,27488.06908,,
575,12:39:16,1:51:32,-28.46042969,213060,19.58097858,21.76463079,23005.78511,-25.46042969,27598.16455,,
576,12:39:27,1:51:43,-28.28660156,235863,19.2721261,21.4997246,23055.42184,-25.28660156,27705.54371,,
577,12:39:38,1:51:54,-28.53777344,233365,18.77551676,21.23804078,23104.94339,-25.53777344,27764.80835,,
578,12:39:48,1:52:04,-28.05027344,225871,18.39383313,21.0728318,23136.46286,-25.05027344,27876.16934,,
579,12:39:59,1:52:15,-28.34617188,220155,19.07539061,21.34426386,23084.78228,-25.34617188,27750.8058,,
580,12:40:09,1:52:25,-27.91941406,210081,17.90388807,20.55291196,23236.97934,-24.91941406,28070.37844,,
581,12:40:20,1:52:35,-27.30691406,209019,18.36984909,20.38719242,23269.45068,-24.30691406,28198.74655,,
582,12:40:30,1:52:46,-27.81394531,213473,17.81796112,20.07335148,23331.53532,-24.81394531,28251.99774,,
583,12:40:41,1:52:56,-27.2903125,236031,18.57347717,19.91886181,23362.38589,-24.2903125,28367.89867,,
584,12:40:51,1:53:07,-27.18484375,218265,17.09384097,19.71237108,23403.92471,-24.18484375,28455.09396,,
585,12:41:02,1:53:18,-27.47351563,219133,17.27167189,19.47072253,23452.98589,-24.47351563,28510.39873,,
586,12:41:12,1:53:28,-26.7434375,197175,18.08593061,19.1434207,23520.22922,-23.7434375,28717.39783,,
587,12:41:23,1:53:39,-26.46433594,192132,16.81290697,18.98859516,23552.36256,-23.46433594,28808.56251,,
588,12:41:33,1:53:49,-25.96746094,196472,17.92220523,18.92419958,23565.79006,-22.96746094,28891.16756,,
589,12:41:44,1:54:00,-26.25027344,191687,17.06598701,18.58147152,23637.88321,-23.25027344,28990.19795,,
590,12:41:54,1:54:10,-25.98914063,193936,16.55316978,18.40436957,23675.55959,-22.98914063,29090.14485,,
591,12:42:05,1:54:21,-25.7075,191354,16.22353726,18.23658237,23711.52615,-22.7075,29189.62789,,
592,12:42:15,1:54:31,-25.82058594,195658,15.94334422,17.9962064,23763.52249,-22.82058594,29272.34776,,
593,12:42:26,1:54:42,-25.40535156,196823,15.7849587,17.84832032,23795.79217,-22.40535156,29381.33105,,
594,12:42:36,1:54:52,-25.22136719,185971,15.51907288,17.62706654,23844.47777,-22.22136719,29493.67548,,
595,12:42:47,1:55:03,-25.37585938,191465,15.23515299,17.43148318,23887.92853,-22.37585938,29556.21966,,
596,12:42:57,1:55:13,-24.70066406,160119,15.93456878,17.25812013,23926.7741,-21.70066406,29709.4509,,
597,12:43:08,1:55:24,-24.5621875,161503,15.28110147,17.01681875,23981.37203,-21.5621875,29828.46686,,
598,12:43:18,1:55:34,-24.72175781,149844,15.24906406,16.86518536,24016.00285,-21.72175781,29874.40778,,
599,12:43:29,1:55:45,-24.16609375,145563,15.61858164,16.68588643,24057.27889,-21.16609375,30019.12498,,
600,12:43:39,1:55:55,-24.52703125,143943,15.41968065,16.44681352,24112.87772,-21.52703125,30080.63328,,
601,12:43:50,1:56:06,-23.95339844,147091,15.87371099,16.3208967,24142.42452,-20.95339844,30206.09655,,
602,12:44:00,1:56:16,-23.71257813,136798,16.44583843,17.95658152,23772.14777,-20.71257813,29537.93243,,
603,12:44:11,1:56:27,-24.0965625,145563,15.17991564,15.89032193,24244.87544,-21.0965625,30383.65183,,
604,12:44:21,1:56:37,-24.11433594,132800,15.61550024,15.75977901,24276.38071,-21.11433594,30441.61666,,
605,12:44:32,1:56:48,-22.85984375,127755,16.09648193,25.50579525,22352.29427,-19.85984375,27067.75063,,
606,12:44:43,1:56:58,-23.16453125,131863,14.98244214,15.43860233,24354.80278,-20.16453125,30708.38428,,
607,12:44:53,1:57:09,-23.25398438,125936,14.9844358,15.20771355,24411.99936,-20.25398438,30807.61661,,
608,12:45:04,1:57:19,-22.4746875,126600,16.14086535,15.11022756,24436.36023,-19.4746875,30950.8772,,
609,12:45:14,1:57:30,-22.13425781,117324,15.00792757,14.896935,24490.10718,-19.13425781,31097.36537,,
610,12:45:25,1:57:40,-22.27664062,106882,15.17342817,14.74146958,24529.67641,-19.27664062,31156.76483,,
611,12:45:37,1:57:53,-21.07507812,106207,16.54826495,14.34447465,24632.2752,-18.07507812,31507.4234,,
612,12:45:48,1:58:04,-21.016875,108049,15.29872751,14.35933073,24628.39465,-18.016875,31507.05882,,
613,12:45:58,1:58:14,-20.97605469,98955,15.74307673,14.19811819,24670.67981,-17.97605469,31595.50024,,
614,12:46:09,1:58:25,-20.93894531,99014,15.44859001,13.99135057,24725.48663,-17.93894531,31708.45241,,
615,12:46:19,1:58:35,-20.4465625,98723,15.54236842,13.86938889,24758.12261,-17.4465625,31835.11711,,
616,12:46:30,1:58:46,-20.42292969,103525,16.3224879,14.46467167,24600.9715,-17.42292969,31527.20795,,
617,12:46:40,1:58:56,-20.44460937,116269,15.66725296,15.5809019,24319.89591,-17.44460937,30974.63446,,
618,12:46:51,1:59:07,-20.62273438,129228,15.97665305,16.73812795,24045.21555,-17.62273438,30423.22884,,
619,12:47:01,1:59:17,-20.94089844,147867,15.81360565,17.90575888,23783.23309,-17.94089844,29887.07408,,
620,12:47:12,1:59:28,-21.44109375,162597,15.73318895,19.17932734,23512.80704,-18.44109375,29321.55165,,
621,12:47:22,1:59:38,-22.26257812,179047,15.37144868,20.35624252,23275.53872,-19.26257812,28788.50017,,
622,12:47:33,1:59:49,-22.895,202489,14.92160953,21.66193714,23024.96893,-19.895,28260.52611,,
623,12:47:43,1:59:59,-23.76492187,237558,14.01478446,22.83120046,22810.7566,-20.76492187,27778.52712,,
624,12:47:54,2:00:10,-24.40125,269735,13.55594166,24.31569732,22551.23635,-21.40125,27248.9758,,
625,12:48:05,2:00:20,-25.12488281,293961,12.95087625,25.59761389,22337.26005,-22.12488281,26796.70841,,
626,12:48:15,2:00:31,-26.06453125,334402,12.05476113,26.92997478,22123.87,-23.06453125,26328.20521,,
627,12:48:26,2:00:41,-27.09285156,376164,12.44214351,28.54868548,21875.82955,-24.09285156,25798.2215,,
628,12:48:36,2:00:52,-27.67214844,407910,12.2038548,28.66129486,21859.00157,-24.67214844,25709.19725,,
629,12:48:47,2:01:03,-28.71199219,450287,11.11818671,31.99716,21383.22364,-25.71199219,24812.52975,,
630,12:48:57,2:01:13,-29.86941406,472121,11.16035558,33.38051633,21197.65266,-26.86941406,24393.63805,,
631,12:49:08,2:01:24,-31.09460938,511674,11.22333638,62.80037518,18241.37494,-28.09460938,19792.97921,,
632,12:49:18,2:01:34,-32.279375,553400,9.690576874,37.20512014,20715.17817,-29.279375,23387.18677,,
633,12:49:29,2:01:45,-33.27625,594538,10.36058701,39.09051605,20491.98079,-30.27625,22943.30306,,
634,12:49:39,2:01:55,-34.45789063,616922,9.787007691,41.05415601,20268.603,-31.45789063,22487.8428,,
635,12:49:50,2:02:06,-35.68992187,662552,9.27787486,42.91849587,20064.38938,-32.68992187,22063.08105,,
636,12:50:00,2:02:16,-36.25847656,766382,10.2220063,74.5369979,17376.73699,-33.25847656,18182.67382,,
637,12:50:11,2:02:27,-37.66023438,806839,9.161564121,46.8898748,19652.26338,-34.66023438,21269.98352,,
638,12:50:21,2:02:37,-38.95925781,795858,8.909804839,49.05509881,19439.35379,-35.95925781,20843.19906,,
639,12:50:32,2:02:48,-40.26355469,824142,8.86395313,51.28420933,19227.9686,-37.26355469,20424.18163,,
640,12:50:43,2:02:58,-41.09441406,826675,8.74554491,53.58369604,19017.56684,-38.09441406,20053.38015,,
641,12:50:53,2:03:09,-42.31863281,838006,8.160509996,55.81143388,18820.59091,-39.31863281,19672.35981,,
642,12:51:03,2:03:19,-43.34109375,848045,8.694450622,58.32143447,18606.1432,-40.34109375,19289.30357,,
643,12:51:14,2:03:30,-44.25105469,855054,8.271519102,60.74850869,18405.77358,-41.25105469,18939.74014,,
644,12:51:25,2:03:40,-45.33484375,872244,8.145322082,63.30805233,18201.37139,-42.33484375,18574.85797,,
645,12:51:35,2:03:51,-46.09792969,883706,8.768258995,67.09205171,17911.11512,-43.09792969,18126.81343,,
646,12:51:46,2:04:01,-47.15613281,903898,8.164610707,68.80609294,17783.98253,-44.15613281,17875.45332,,
647,12:51:56,2:04:12,-48.24636719,925034,7.96639509,71.35479381,17599.60332,-45.24636719,17549.7728,,
648,12:52:06,2:04:22,-49.17917969,945851,8.13814109,74.1962013,17400.23217,-46.17917969,17220.98525,,
649,12:52:17,2:04:33,-50.08992188,964849,8.249078502,76.73356434,17227.35394,-47.08992188,16931.40449,,
650,12:52:27,2:04:43,-50.91492187,1006737,7.895103265,80.02547576,17009.83512,-47.91492187,16595.53064,,
651,12:52:38,2:04:54,-51.82878906,1047508,7.998021622,82.61262343,16843.91344,-48.82878906,16321.16235,,
652,12:52:49,2:05:04,-52.64734375,1091721,7.824991292,85.39973984,16669.81005,-49.64734375,16046.63832,,
653,12:52:59,2:05:15,-53.23035156,1086430,7.971314321,88.46147987,16483.77669,-50.23035156,15777.46175,,
654,12:53:10,2:05:26,-53.53816406,1055730,7.936557175,91.51894248,16303.13515,-50.53816406,15536.95239,,
655,12:53:20,2:05:36,-53.81921875,1048324,7.987501547,94.48922409,16132.26494,-50.81921875,15312.01197,,
656,12:53:31,2:05:47,-54.34792969,1049142,7.480973459,97.44165449,15966.67874,-51.34792969,15078.04431,,
657,12:53:41,2:05:57,-54.82039063,1065769,7.635660386,100.544825,15796.96084,-51.82039063,14845.13595,,
658,12:53:52,2:06:08,-55.19070312,1117110,7.427176854,103.3810449,15645.51322,-52.19070312,14642.4797,,
659,12:54:02,2:06:18,-55.5840625,1168549,7.566123838,106.6321476,15475.99562,-52.5840625,14418.86553,,
660,12:54:13,2:06:29,-56.12175781,1251163,7.075595155,110.0780804,15300.82801,-53.12175781,14181.18385,,
661,12:54:23,2:06:39,-56.41160156,1331683,7.411797908,113.4485223,15133.7417,-53.41160156,13970.90817,,
662,12:54:34,2:06:50,-57.06609375,1399584,7.950363353,117.0224998,14960.89996,-54.06609375,13732.53545,,
663,12:54:44,2:07:00,-57.48816406,1443133,7.212603397,119.8755901,14825.96324,-54.48816406,13553.65042,,
664,12:54:55,2:07:11,-58.1778125,1487832,7.789915867,131.9893479,14280.48086,-55.1778125,12904.54881,,
665,12:55:05,2:07:21,-58.4715625,1504474,7.376388418,126.6604312,14515.22389,-55.4715625,13145.88458,,
666,12:55:16,2:07:32,-58.72957031,1372449,7.141992145,130.6122158,14340.39857,-55.72957031,12937.25679,,
667,12:55:26,2:07:42,-59.079375,1449353,7.092173793,133.8103538,14202.02302,-56.079375,12764.56872,,
668,12:55:37,2:07:53,-59.25378906,1582353,7.914013668,137.1560704,14060.09917,-56.25378906,12599.54712,,
669,12:55:48,2:08:03,-59.285625,1654367,7.626377775,146.3636457,13683.49747,-56.285625,12190.92447,,
670,12:55:58,2:08:14,-59.48171875,1729904,7.066229935,143.1484589,13812.76501,-56.48171875,12318.66785,,
671,12:56:09,2:08:25,-59.73328125,1798128,7.037035398,146.3102909,13685.62376,-56.73328125,12167.68436,,
672,12:56:19,2:08:35,-59.97019531,1860304,7.09603807,149.8305595,13546.66039,-56.97019531,12005.81745,,
673,12:56:30,2:08:46,-60.15847656,1903751,7.561615469,152.9682906,13425.00866,-57.15847656,11865.99947,,
674,12:56:40,2:08:56,-60.49578125,1946454,7.616573729,160.939549,13124.80475,-57.49578125,11531.00656,,
675,12:56:51,2:09:07,-60.68015625,1989645,7.67229135,160.0674478,13157.05437,-57.68015625,11554.80163,,
676,12:57:01,2:09:17,-61.09519531,2002978,7.913325423,164.2773601,13002.66751,-58.09519531,11371.08794,,
677,12:57:12,2:09:28,-61.52371094,2014981,6.989346443,167.6219809,12882.28025,-58.52371094,11223.25726,,
678,12:57:22,2:09:38,-62.05046875,2042521,6.947313264,170.922202,12765.38272,-59.05046875,11074.8456,,
679,12:57:33,2:09:49,-62.69910156,2050305,7.024827621,174.4909098,12641.01401,-59.69910156,10913.522,,
680,12:57:43,2:09:59,-63.16589844,2034796,6.93923246,178.0069924,12520.47747,-60.16589844,10766.69111,,
681,12:57:54,2:10:10,-63.448125,2011967,7.026170455,181.7747881,12393.43299,-60.448125,10623.65079,,
682,12:58:04,2:10:20,-63.91042969,1983776,7.281013683,186.4445762,12238.90062,-60.91042969,10444.87369,,
683,12:58:15,2:10:31,-63.95007812,1910511,7.016490912,190.3387897,12112.41202,-60.95007812,10316.31117,,
684,12:58:25,2:10:41,-64.19011719,1874564,7.336308047,194.5632504,11977.54439,-61.19011719,10170.20596,,
685,12:58:36,2:10:52,-64.22839844,1829932,7.043579595,198.8506976,11843.06885,-61.22839844,10035.04557,,
686,12:58:46,2:11:02,-64.21824219,1788564,7.304085251,202.8602245,11719.41815,-61.21824219,9913.446265,,
687,12:58:57,2:11:13,-64.25457031,1774406,7.517129102,206.0881506,11621.30122,-61.25457031,9815.192056,,
688,12:59:07,2:11:23,-64.07898438,1760471,7.236314603,211.5218146,11458.91307,-61.07898438,9664.180304,,
689,12:59:18,2:11:34,-64.20164063,1760471,6.999688934,215.6308117,11338.34168,-61.20164063,9540.837645,,
690,12:59:28,2:11:44,-63.79675781,1728792,7.317534962,219.9264826,11214.26559,-60.79675781,9438.446048,,
691,12:59:39,2:11:55,-63.75085937,1735484,7.025145749,224.3096544,11089.66858,-60.75085937,9319.557182,,
692,12:59:49,2:12:05,-63.47566406,1702532,7.046072639,228.5135485,10972.00631,-60.47566406,9217.845095,,
693,13:00:00,2:12:16,-63.09753906,1662546,7.763378465,232.7368118,10855.5537,-60.09753906,9121.872506,,
694,13:00:11,2:12:26,-62.77390625,1613677,7.140636598,237.0752737,10737.69284,-59.77390625,9022.192387,,
695,13:00:21,2:12:37,-62.36902344,1538022,7.234373162,241.4300672,10621.13171,-59.36902344,8927.252076,,
696,13:00:32,2:12:47,-62.01667969,1427813,7.384392457,245.8469325,10504.63532,-59.01667969,8830.133591,,
697,13:00:42,2:12:58,-61.51667969,1357215,7.346209861,250.803891,10375.89489,-58.51667969,8727.38348,,
698,13:00:53,2:13:09,-61.15710937,1466739,7.416107136,255.0130995,10268.18239,-58.15710937,8638.933036,,
699,13:01:03,2:13:19,-60.56335937,1395228,7.790125398,259.90253,10144.85575,-57.56335937,8544.94931,,
700,13:01:14,2:13:30,-60.22566406,1392340,8.144892793,265.255531,10011.97219,-57.22566406,8431.460006,,
701,13:01:24,2:13:40,-59.48054688,1273674,7.690086005,269.3177422,9912.572988,-56.48054688,8365.909872,,
702,13:01:35,2:13:51,-58.59363281,1220508,7.799850597,273.7171112,9806.283795,-55.59363281,8298.873797,,
703,13:01:45,2:14:01,-58.20730469,1173647,7.943897438,278.3241057,9696.450881,-55.20730469,8208.801875,,
704,13:01:56,2:14:12,-57.56804688,1124582,7.959651617,282.8298484,9590.446634,-54.56804688,8131.876314,,
705,13:02:07,2:14:22,-56.7903125,1080321,8.082158771,287.2987447,9486.651415,-53.7903125,8061.927776,,
706,13:02:17,2:14:33,-56.36570313,1042636,8.19887274,291.5434418,9389.267061,-53.36570313,7984.68288,,
707,13:02:28,2:14:43,-55.64285156,996296,8.379172727,296.2464901,9282.698571,-52.64285156,7909.421908,,
708,13:02:38,2:14:54,-55.02351563,968323,8.781451069,301.3643994,9168.274852,-52.02351563,7822.581876,,
709,13:02:49,2:15:05,-54.46609375,943860,8.571653263,306.2652178,9060.170092,-51.46609375,7739.313585,,
710,13:02:59,2:15:15,-53.78660156,921233,8.761621074,311.7256875,8941.357672,-50.78660156,7649.887475,,
711,13:03:10,2:15:26,-53.17097656,888375,9.291359313,316.8766271,8830.814912,-50.17097656,7565.82696,,
712,13:03:21,2:15:37,-52.36765625,864952,9.206680521,321.9872418,8722.566245,-49.36765625,7490.058403,,
713,13:03:32,2:15:48,-51.44167969,833850,9.193810214,326.6707318,8624.579412,-48.44167969,7427.755982,,
714,13:03:42,2:15:58,-50.6825,804426,9.387499532,331.2573061,8529.716536,-47.6825,7362.396722,,
715,13:03:53,2:16:09,-49.88621094,781069,9.632569387,336.442482,8423.745246,-46.88621094,7287.245868,,
716,13:04:03,2:16:19,-49.08855469,753501,10.55711575,357.919128,7998.423315,-46.08855469,6907.438161,,
717,13:04:14,2:16:30,-48.3184375,684840,10.68831328,345.9488405,8232.848025,-45.3184375,7155.043473,,
718,13:04:24,2:16:40,-47.64988281,663862,11.11275067,350.4857063,8143.236885,-44.64988281,7090.31925,,
719,13:04:35,2:16:51,-46.66199219,641057,10.52914974,355.3703653,8047.800142,-43.66199219,7029.623602,,
720,13:04:45,2:17:01,-45.96960937,628464,10.74107919,360.1541361,7955.358554,-42.96960937,6962.194415,,
721,13:04:56,2:17:12,-45.31433594,623217,11.32968493,366.2606437,7838.790131,-42.31433594,6870.148612,,
722,13:05:07,2:17:22,-44.31570312,611865,11.31287273,369.7342624,7773.181991,-41.31570312,6837.03426,,
723,13:05:17,2:17:33,-43.64324219,603077,11.79528211,374.999318,7674.68321,-40.64324219,6762.136179,,
724,13:05:28,2:17:44,-43.08757813,591919,12.50577732,380.053256,7581.181773,-40.08757813,6688.355924,,
725,13:05:38,2:17:54,-42.64304688,592441,12.19942923,384.8785715,7492.844832,-39.64304688,6616.152897,,
726,13:05:49,2:18:05,-41.9559375,582173,12.70657405,389.8980595,7401.899711,-38.9559375,6548.187336,,
727,13:05:59,2:18:15,-41.22019531,577668,12.85410232,395.0578174,7309.395934,-38.22019531,6479.773916,,
728,13:06:10,2:18:26,-40.45125,569829,13.34612256,400.7456576,7208.551466,-37.45125,6403.889492,,
729,13:06:21,2:18:36,-39.7903125,564561,14.16012957,405.7902633,7120.076601,-36.7903125,6336.629638,,
730,13:06:31,2:18:47,-39.09792969,559857,13.79504087,411.2309774,7025.647248,-36.09792969,6264.184723,,
731,13:06:42,2:18:57,-38.24539062,551583,14.11362685,416.5721123,6933.925106,-35.24539062,6198.27109,,
732,13:06:52,2:19:08,-37.62703125,544431,14.36243674,422.0526168,6840.794145,-34.62703125,6124.479224,,
733,13:07:03,2:19:18,-36.6575,523638,14.862506,427.7636053,6744.782621,-33.6575,6056.648098,,
734,13:07:13,2:19:29,-36.08914062,512455,15.11820727,433.6968014,6646.128451,-33.08914062,5975.618549,,
735,13:07:25,2:19:41,-35.373125,506276,15.32854225,439.7870765,6545.992568,-32.373125,5896.609488,,
736,13:07:36,2:19:52,-34.51726563,492543,15.6477908,444.926673,6462.357551,-31.51726563,5836.675626,,
737,13:07:46,2:20:02,-33.79617187,484026,16.72306915,449.538362,6387.976258,-30.79617187,5782.066966,,
738,13:07:57,2:20:13,-33.10203125,480564,16.49186598,455.2639305,6296.484265,-30.10203125,5709.906954,,
739,13:08:07,2:20:23,-32.52722656,477490,16.49263044,460.1116177,6219.745932,-29.52722656,5648.978054,,
740,13:08:18,2:20:34,-31.91589844,473118,16.52217859,465.1757932,6140.276617,-28.91589844,5586.035738,,
741,13:08:29,2:20:44,-31.45417969,460787,16.71415186,470.2201712,6061.811359,-28.45417969,5520.421631,,
742,13:08:39,2:20:55,-30.87800781,444037,17.83584569,475.3911232,5982.081517,-27.87800781,5456.021766,,
743,13:08:50,2:21:05,-30.47625,428462,17.31545936,480.4482833,5904.78254,-27.47625,5389.90367,,
744,13:09:00,2:21:16,-30.09050781,411659,17.89110657,485.6303661,5826.254539,-27.09050781,5322.143853,,
745,13:09:11,2:21:27,-29.23015625,385002,19.68518698,489.9856296,5760.778987,-26.23015625,5277.235906,,
746,13:09:21,2:21:37,-28.45847656,358326,20.68925112,497.4497045,5649.654406,-25.45847656,5185.646855,,
747,13:09:32,2:21:48,-28.11355469,364650,21.37390547,502.1760853,5579.984625,-25.11355469,5125.130566,,
748,13:09:42,2:21:58,-27.54441406,348504,22.45896763,508.3733593,5489.433014,-24.54441406,5048.856979,,
749,13:09:53,2:22:09,-27.05398437,335761,23.70762072,513.8653767,5409.930256,-24.05398437,4981.535262,,
750,13:10:04,2:22:19,-26.36980469,318610,25.02025427,519.3386016,5331.381092,-23.36980469,4918.852584,,
751,13:10:14,2:22:30,-25.79050781,306214,26.87204714,524.7294339,5254.666904,-22.79050781,4855.628579,,
752,13:10:25,2:22:40,-25.22332031,290857,28.52171535,529.97135,5180.681396,-22.22332031,4794.625204,,
753,13:10:35,2:22:51,-24.63425781,273529,29.72952435,535.3072851,5105.974965,-21.63425781,4733.142382,,
754,13:10:46,2:23:02,-24.24597656,258351,31.95777415,540.5653056,5032.946898,-21.24597656,4669.322966,,
755,13:10:56,2:23:12,-23.69851562,239798,33.72020222,545.8777333,4959.744975,-20.69851562,4608.185032,,
756,13:11:07,2:23:23,-23.08347656,222826,36.12981391,551.2468422,4886.345785,-20.08347656,4547.903312,,
757,13:11:17,2:23:33,-22.545,209416,38.86278393,556.7350973,4811.913641,-19.545,4485.024582,,
758,13:11:28,2:23:44,-22.09070312,206023,40.79850341,562.5771641,4733.333043,-19.09070312,4416.442379,,
759,13:11:38,2:23:54,-21.50183594,215983,42.80572408,592.3943015,4342.263078,-18.50183594,4046.387281,,
760,13:11:49,2:24:05,-21.01375,224949,40.97141718,573.3219062,4590.516457,-18.01375,4295.758187,,
761,13:11:59,2:24:15,-20.34167969,230277,40.12474618,578.8873955,4517.3915,-17.34167969,4235.719712,,
762,13:12:10,2:24:26,-20.18074219,233365,38.91578505,602.8015938,4209.515955,-17.18074219,3938.671681,,
763,13:12:21,2:24:36,-19.81921875,233036,36.5803233,589.6331068,4377.799429,-16.81921875,4108.087133,,
764,13:12:31,2:24:47,-19.50105469,232218,35.76908066,595.160228,4306.800037,-16.50105469,4043.973556,,
765,13:12:42,2:24:57,-19.00164063,227425,35.09440333,600.7511498,4235.522184,-16.00164063,3982.377918,,
766,13:12:52,2:25:08,-18.52703125,221186,35.34402299,606.3691761,4164.43777,-15.52703125,3920.43942,,
767,13:13:03,2:25:18,-18.323125,214721,35.12545052,611.850485,4095.595345,-15.323125,3856.454891,,
768,13:13:13,2:25:29,-17.77449219,207967,36.50477474,618.0614536,4018.189671,-14.77449219,3789.258944,,
769,13:13:24,2:25:39,-17.37585937,201256,37.27844778,623.4836902,3951.127008,-14.37585937,3729.778504,,
770,13:13:34,2:25:50,-16.72488281,191909,37.58541423,629.477814,3877.538548,-13.72488281,3667.454889,,
771,13:13:45,2:26:00,-16.40808594,186076,38.40616948,635.3686576,3805.768783,-13.40808594,3601.983689,,
772,13:13:55,2:26:11,-16.09246094,177910,39.23217976,640.9661609,3738.070352,-13.09246094,3540.413229,,
773,13:14:06,2:26:22,-15.4325,171207,40.770205,647.2790064,3662.292262,-12.4325,3475.568539,,
774,13:14:17,2:26:32,-15.01023438,167622,40.66359535,652.7277584,3597.366225,-12.01023438,3417.922856,,
775,13:14:27,2:26:43,-14.53503906,162754,41.05548514,658.6023535,3527.855729,-11.53503906,3356.389071,,
776,13:14:38,2:26:54,-13.87898438,158459,41.54376307,664.6180381,3457.194137,-10.87898438,3295.898436,,
777,13:14:48,2:27:04,-13.63992187,154527,42.56570966,670.4757264,3388.884311,-10.63992187,3232.280861,,
778,13:14:59,2:27:15,-13.19851562,150650,42.21082981,676.5904241,3318.09092,-10.19851562,3168.69863,,
779,13:15:10,2:27:26,-12.87527344,148389,42.67280486,682.5143018,3249.999097,-9.875273438,3106.224847,,
780,13:15:20,2:27:36,-12.40828125,144313,43.32962922,688.4930486,3181.76007,-9.40828125,3045.231707,,
781,13:15:31,2:27:47,-12.0371875,127175,46.0128577,695.5270626,3102.088254,-9.0371875,2971.875904,,
782,13:15:42,2:27:57,-11.71316406,107703,51.24994997,700.5585217,3045.49798,-8.713164063,2920.404079,,
783,13:15:52,2:28:08,-11.39578125,94612,57.30471566,707.0059604,2973.460847,-8.39578125,2853.757505,,
784,13:16:03,2:28:18,-11.12039063,92657,62.47594035,713.6177162,2900.138127,-8.120390625,2785.365758,,
785,13:16:13,2:28:29,-10.7746875,84550,67.04093433,720.657504,2822.670804,-7.7746875,2713.648607,,
786,13:16:24,2:28:40,-10.54988281,78108,69.40724107,725.7193344,2767.347165,-7.549882813,2662.172183,,
787,13:16:34,2:28:50,-10.16023438,73146,71.91069731,731.7407766,2701.940824,-7.160234375,2602.513614,,
788,13:16:45,2:29:01,-9.647734375,68721,73.91917916,737.9199208,2635.272998,-6.647734375,2542.726334,,
789,13:16:55,2:29:11,-9.270976563,64305,76.2181616,744.3285777,2566.604744,-6.270976563,2479.569847,,
790,13:17:06,2:29:22,-8.761992188,60293,78.17755539,750.7718144,2498.046888,-5.761992188,2417.648913,,
791,13:17:16,2:29:32,-8.41375,57607,79.57848651,756.9566238,2432.685447,-5.41375,2357.257738,,
792,13:17:27,2:29:43,-8.198515625,56905,78.43539417,763.1187488,2367.992369,-5.198515625,2296.295221,,
793,13:17:37,2:29:53,-7.80046875,59906,74.20016886,769.3563607,2302.936154,-4.80046875,2236.515911,,
794,13:17:48,2:30:04,-7.208867188,63817,68.98721182,775.7478599,2236.716456,-4.208867188,2177.099504,,
795,13:17:58,2:30:14,-6.815898438,64901,67.20480223,781.7592012,2174.837336,-3.815898438,2120.137939,,
796,13:18:09,2:30:25,-6.212773438,67076,64.00695571,788.3921522,2107.005029,-3.212773438,2058.923187,,
797,13:18:19,2:30:35,-5.942460938,71528,60.23404977,794.3666418,2046.300938,-2.942460938,2001.959713,,
798,13:18:30,2:30:46,-5.473515625,83046,52.41682403,800.7046878,1982.305685,-2.473515625,1943.205928,,
799,13:18:41,2:30:56,-5.08640625,94215,42.51009957,806.8335155,1920.811805,-2.08640625,1886.184981,,
800,13:18:51,2:31:07,-4.772148438,90561,35.41633742,813.3326585,1856.014166,-1.772148438,1825.370594,,
801,13:19:02,2:31:17,-4.560039063,102892,30.17024536,819.6364507,1793.563516,-1.560039063,1766.113439,,
802,13:19:12,2:31:28,-4.386210938,110463,24.96669857,826.4283428,1726.711077,-1.386210938,1702.33494,,
803,13:19:23,2:31:38,-4.330546875,116592,21.78041171,832.7390804,1664.992158,-1.330546875,1642.829235,,
804,13:19:33,2:31:49,-4.204179688,123349,19.14893409,839.0601061,1603.551105,-1.204179688,1584.070684,,
805,13:19:44,2:32:00,-4.045585938,126791,17.75609314,845.2717328,1543.537451,-1.045585938,1526.905342,,
806,13:19:54,2:32:10,-4.1153125,128242,19.37434274,852.4576454,1474.554608,-1.1153125,1459.845022,,
807,13:20:05,2:32:21,-3.933867188,126220,22.4319221,870.7088186,1301.441371,-0.933867188,1293.892668,,
808,13:20:15,2:32:31,-3.828984375,123803,24.65399766,864.1019724,1363.765332,-0.828984375,1354.443007,,
809,13:20:26,2:32:42,-3.6559375,121128,27.36510935,870.8073832,1300.514491,-0.6559375,1294.335516,,
810,13:20:36,2:32:52,-3.252226563,119662,29.78768247,877.4818549,1237.945922,-0.252226563,1235.95236,,
811,13:20:47,2:33:03,-3.0840625,116835,31.86953998,885.2496577,1165.611492,-0.0840625,1167.050779,,
812,13:20:58,2:33:13,-2.791484375,113983,34.06132791,892.8651218,1095.192853,0.208515625,1100.527427,,
813,13:21:08,2:33:24,-2.353203125,114449,34.16231615,900.650905,1023.700283,0.646796875,1033.491481,,
814,13:21:19,2:33:35,-1.847148438,112383,34.89388997,908.9126318,948.3825467,1.152851563,962.9081576,,
815,13:21:32,2:33:48,-1.406914063,114138,35.63065747,919.0830474,856.42181,1.593085938,875.959477,,
816,13:21:43,2:33:58,-0.874101563,110318,36.38569193,927.2087723,783.5394322,2.125898438,807.5241438,,
817,13:21:53,2:34:09,-0.403789063,109101,35.28623062,935.3507411,711.0282439,2.596210938,739.1195143,,
818,13:22:04,2:34:20,0.221015625,107086,35.20318516,941.7747479,654.1768059,3.221015625,686.043235,,
819,13:22:14,2:34:30,0.677851563,107018,35.07828434,946.3137846,614.1960719,3.677851563,648.6515056,,
820,13:22:25,2:34:41,1.423554687,104686,34.41132784,950.7499639,575.2710837,4.423554687,612.8291732,,
821,13:22:36,2:34:51,1.814570313,105276,34.44377059,956.1379077,528.1921761,4.814570313,568.2190806,,
822,13:22:46,2:35:02,2.2784375,103653,33.40465646,961.8922866,478.1480502,5.2784375,520.8022655,,
823,13:22:57,2:35:13,2.808710938,103653,32.9643766,966.1741254,441.0672314,5.808710938,485.9272434,,
824,13:23:07,2:35:23,3.314765625,103909,31.9925842,970.0187668,407.8857547,6.314765625,454.6803211,,
825,13:23:18,2:35:34,3.92296875,103398,31.76537429,973.8531977,374.8982938,6.92296875,423.6843045,,
826,13:23:29,2:35:44,4.355585938,101894,30.91468921,976.3874606,353.1538063,7.355585938,403.2349284,,
827,13:23:39,2:35:55,4.69171875,102892,30.15355045,980.9279702,314.3093404,7.69171875,365.9910308,,
828,13:23:50,2:36:05,5.09875,103144,29.10322468,986.6987225,265.1495877,8.09875,318.7527466,,
829,13:24:02,2:36:17,5.563789063,105012,29.02987658,994.25128,201.1615416,8.563789063,257.0765686,,
830,13:24:12,2:36:28,5.974726563,105144,27.66986521,999.9577124,153.0750618,8.974726563,210.696625,,
831,13:24:23,2:36:38,6.268085938,103207,26.84600287,1000.338544,149.873819,9.268085938,207.8037365,,
832,13:24:34,2:36:50,6.379804688,97070,26.26329272,1000.321562,150.016543,9.379804688,208.0257217,,
833,13:24:44,2:37:00,6.549140625,93274,26.65806715,1000.387025,149.4663655,9.549140625,207.6159836,,
834,13:24:55,2:37:11,6.690351563,83875,28.15784564,1000.378392,149.5389175,9.690351563,207.7914879,,
835,13:25:05,2:37:21,7.009882812,85845,27.70783072,1000.287033,150.3067616,10.00988281,208.7777054,,
836,13:25:16,2:37:32,7.221992188,92352,26.78055262,1000.240142,150.7008802,10.22199219,209.3204902,,
837,13:25:27,2:37:42,7.497382813,93690,25.81059376,1000.318773,150.0399909,10.49738281,208.8803329,,
838,13:25:37,2:37:53,8.186835938,92454,26.37997804,1000.277975,150.3828915,11.18683594,209.7293514,,
839,13:25:48,2:38:04,8.305,92760,26.19659691,1000.624135,147.4738118,11.305,206.9668738,,
840,13:25:58,2:38:14,8.833515625,92760,26.50629071,1000.66043,147.168838,11.83351563,207.056126,,
841,13:26:09,2:38:25,9.328046875,91348,26.14683491,1000.60502,147.6344232,12.32804688,207.8771154,,
842,13:26:20,2:38:35,9.914765625,87180,26.0341422,1000.653926,147.2234829,12.91476563,207.903921,,
843,13:26:30,2:38:46,10.4534375,86463,25.39117938,1000.628446,147.4375828,13.4534375,208.5109491,,
844,13:26:41,2:38:56,11.01515625,70686,28.14436017,1000.680837,146.9973731,14.01515625,208.4884441,,
845,13:26:51,2:39:07,11.58058594,57176,34.43018315,1000.683435,146.9755429,14.58058594,208.8816538,,
846,13:27:04,2:39:19,12.22335938,52011,34.95657539,1000.676064,147.037477,15.22335938,209.4147303,,
847,13:27:14,2:39:30,12.62023437,50541,30.27821114,1000.46493,148.8116447,15.62023437,211.4710639,,
848,13:27:25,2:39:41,12.8675,53331,26.14683993,1000.422734,149.1662602,15.8675,212.0071573,,
849,13:27:35,2:39:51,13.25597656,53263,25.44177799,1000.483831,148.6528042,16.25597656,211.7831328,,
