,Time_CPU,Time_RTC,"Acceleration[(x,y,z),(m/s^2)]","Magnetometer[(x,y,z),(uT)]"
0,10:58:15,0:10:55,"(0.267721545, 0.68842683, -10.211664644999999)","(-11.25, 24.15, 80.1)"
1,10:58:25,0:11:5,"(0.38245935, 0.15298374, -9.829205295)","(-11.549999999999999, 24.599999999999998, 79.8)"
2,10:59:00,0:11:16,"(-4.551266265, 8.87305692, -6.04285773)","(20.7, -11.25, 33.449999999999996)"
3,10:59:10,0:11:26,"(9.56148375, 2.0270345549999997, 0.573689025)","(-53.1, -25.5, 38.4)"
4,10:59:21,0:11:37,"(9.676221555, 2.256510165, 0.53544309)","(-42.6, 3.5999999999999996, 30.299999999999997)"
5,10:59:31,0:11:47,"(9.829205295, 2.14177236, 0.45895122)","(-42.15, 2.85, 29.849999999999998)"
6,10:59:41,0:11:58,"(9.79095936, 3.403888215, 1.4150995949999998)","(-42.0, 1.3499999999999999, 27.45)"
7,10:59:52,0:12:8,"(10.364648384999999, 0.38245935, 2.103526425)","(-44.25, 7.6499999999999995, 7.949999999999999)"
8,11:00:02,0:12:19,"(8.18463009, 0.49719715499999995, 2.3712479699999998)","(-42.15, 5.3999999999999995, 5.85)"
9,11:00:13,0:12:29,"(11.129567084999998, 0.68842683, 1.9887886199999998)","(-41.4, 5.7, 6.8999999999999995)"
10,11:00:23,0:12:40,"(9.867451229999999, 0.650180895, 2.4094939049999997)","(-40.5, 6.1499999999999995, 8.7)"
11,11:00:34,0:12:50,"(-9.370254075, -0.22947561, 0.22947561)","(41.4, 10.65, 32.699999999999996)"
12,11:00:44,0:13:1,"(-9.676221555, -0.30596748, -1.032640245)","(40.949999999999996, 14.7, 34.199999999999996)"
13,11:00:55,0:13:11,"(-9.523237815, 0.45895122, -0.038245935)","(40.949999999999996, 12.15, 33.15)"
14,11:01:06,0:13:22,"(0.38245935, -0.45895122, 10.058680905000001)","(2.4, 8.4, -20.099999999999998)"
15,11:01:16,0:13:32,"(-9.637975619999999, -0.344213415, -0.53544309)","(3.5999999999999996, 16.65, 18.15)"
16,11:01:27,0:13:43,"(-0.7649187, 0.879656505, -10.09692684)","(-1.5, 8.85, 60.3)"
17,11:01:37,0:13:53,"(-9.484991879999999, -1.68282114, -0.956148375)","(40.5, 29.099999999999998, 30.599999999999998)"
18,11:01:48,0:14:4,"(-1.109132115, 1.14737805, -9.752713425)","(41.85, -2.85, 97.2)"
19,11:01:58,0:14:14,"(-0.45895122, 10.32640245, -1.14737805)","(4.95, -25.95, 38.25)"
20,11:02:09,0:14:25,"(-9.484991879999999, -0.61193496, -0.9943943099999999)","(34.199999999999996, 16.65, 33.449999999999996)"
21,11:02:19,0:14:35,"(0.7649187, -9.982189035, -1.491591465)","(-28.65, 71.85, 48.15)"
22,11:02:30,0:14:46,"(-9.637975619999999, -0.49719715499999995, -1.1856239849999999)","(39.75, 30.15, 27.15)"
23,11:02:41,0:14:57,"(-9.79095936, -0.650180895, -0.07649187)","(40.949999999999996, 7.05, 15.0)"
24,11:02:51,0:15:7,"(-9.293762205, -0.344213415, 0.420705285)","(36.3, -69.45, -44.25)"
25,11:03:02,0:15:18,"(-9.523237815, -0.420705285, 0.114737805)","(40.8, 9.299999999999999, 30.75)"
26,11:03:12,0:15:28,"(-9.829205295, -0.15298374, 0.68842683)","(36.6, 2.25, 24.15)"
27,11:03:23,0:15:39,"(-9.446745945, -1.7975589449999998, -2.8301991899999996)","(35.4, 32.4, 15.899999999999999)"
28,11:03:33,0:15:49,"(-9.71446749, -1.491591465, 0.49719715499999995)","(39.449999999999996, 12.75, 8.549999999999999)"
29,11:03:44,0:16:0,"(-7.763924804999999, -4.857233745, -2.21826423)","(37.65, 14.25, 17.7)"
30,11:03:54,0:16:10,"(-9.523237815, -1.1856239849999999, 0.61193496)","(38.55, 12.0, 12.15)"
31,11:04:07,0:16:24,"(-9.56148375, -0.61193496, -0.38245935)","(37.199999999999996, 20.099999999999998, 35.25)"
32,11:04:18,0:16:34,"(-8.108138219999999, 0.15298374, 5.010217485)","(39.15, 35.85, 1.05)"
33,11:04:28,0:16:45,"(-3.36564228, -0.91790244, 9.064286595)","(7.6499999999999995, 40.8, -17.849999999999998)"
34,11:04:39,0:16:55,"(-9.484991879999999, -0.45895122, 0.038245935)","(38.55, 9.75, 31.049999999999997)"
35,11:04:50,0:17:6,"(-9.79095936, -0.344213415, 0.07649187)","(37.949999999999996, 8.4, 31.95)"
36,11:05:00,0:17:16,"(-9.484991879999999, -1.45334553, -0.49719715499999995)","(40.8, 31.2, 25.349999999999998)"
37,11:05:11,0:17:27,"(-11.665010175, -0.07649187, -1.5298374)","(46.199999999999996, 36.449999999999996, 21.45)"
38,11:05:21,0:17:38,"(-9.446745945, -0.650180895, -1.22386992)","(46.8, 18.0, 5.25)"
39,11:05:32,0:17:48,"(-9.064286595, -0.53544309, 0.91790244)","(44.55, 20.7, -1.05)"
40,11:05:42,0:17:59,"(-9.599729685, -0.420705285, -0.8031646349999999)","(45.6, 18.599999999999998, 1.95)"
41,11:05:53,0:18:9,"(-9.599729685, -0.8031646349999999, -0.420705285)","(44.1, 18.9, 1.5)"
42,11:06:03,0:18:20,"(-9.523237815, -0.53544309, -0.573689025)","(45.75, 19.2, 1.3499999999999999)"
43,11:06:14,0:18:30,"(-9.599729685, -1.07088618, -0.650180895)","(45.75, 18.599999999999998, 2.85)"
44,11:06:25,0:18:41,"(-9.370254075, -0.53544309, -0.956148375)","(46.8, 18.75, 4.35)"
45,11:06:36,0:18:52,"(-9.523237815, -0.49719715499999995, -0.879656505)","(46.5, 18.9, 4.05)"
46,11:06:46,0:19:2,"(-9.599729685, -0.53544309, -0.956148375)","(46.949999999999996, 18.0, 3.5999999999999996)"
47,11:06:57,0:19:13,"(-9.523237815, -0.68842683, -0.650180895)","(47.1, 19.2, 2.1)"
48,11:07:07,0:19:24,"(-9.523237815, -0.61193496, -0.84141057)","(47.1, 18.75, 3.5999999999999996)"
49,11:07:18,0:19:34,"(-9.446745945, -0.53544309, -0.7649187)","(46.65, 19.05, 2.4)"
50,11:07:28,0:19:44,"(-9.56148375, -0.53544309, -0.84141057)","(46.8, 19.349999999999998, 3.5999999999999996)"
51,11:07:39,0:19:55,"(-9.523237815, -0.573689025, -0.84141057)","(46.35, 19.65, 3.3)"
52,11:07:49,0:20:6,"(-9.523237815, -0.573689025, -0.8031646349999999)","(46.8, 19.5, 2.6999999999999997)"
53,11:08:00,0:20:16,"(-9.523237815, -0.61193496, -0.8031646349999999)","(46.8, 19.8, 4.35)"
54,11:08:10,0:20:27,"(-9.637975619999999, -0.573689025, -0.68842683)","(47.55, 20.4, 4.35)"
55,11:08:21,0:20:37,"(-9.56148375, -0.45895122, -0.879656505)","(46.8, 20.7, 4.2)"
56,11:08:31,0:20:48,"(-9.676221555, -0.53544309, -0.91790244)","(46.5, 19.05, 4.8)"
57,11:08:42,0:20:58,"(-9.523237815, -0.53544309, -0.8031646349999999)","(46.199999999999996, 19.2, 4.2)"
58,11:08:52,0:21:9,"(-9.523237815, -0.61193496, -0.8031646349999999)","(46.199999999999996, 19.8, 4.6499999999999995)"
59,11:09:03,0:21:19,"(-9.637975619999999, -0.53544309, -0.879656505)","(46.65, 20.7, 4.35)"
60,11:09:13,0:21:30,"(-9.484991879999999, -0.53544309, -0.84141057)","(46.65, 19.95, 4.35)"
61,11:09:24,0:21:40,"(-9.523237815, -0.53544309, -0.84141057)","(47.4, 20.55, 4.6499999999999995)"
62,11:09:34,0:21:51,"(-10.135172775000001, -0.8031646349999999, -0.956148375)","(43.199999999999996, 42.6, 22.05)"
63,11:09:45,0:22:1,"(-9.1790244, -0.956148375, -0.267721545)","(46.199999999999996, 0.3, 28.349999999999998)"
64,11:09:56,0:22:12,"(-9.56148375, -0.45895122, -0.07649187)","(45.6, 10.2, 41.699999999999996)"
65,11:10:06,0:22:22,"(-9.56148375, -0.49719715499999995, -0.07649187)","(43.05, 11.25, 42.0)"
66,11:10:17,0:22:33,"(-9.56148375, -0.49719715499999995, 0.0)","(44.4, 10.95, 42.3)"
67,11:10:27,0:22:43,"(-9.523237815, -0.573689025, 0.0)","(43.65, 10.799999999999999, 41.85)"
68,11:10:38,0:22:54,"(-9.56148375, -0.53544309, 0.0)","(43.949999999999996, 11.4, 42.0)"
69,11:10:48,0:23:5,"(-9.599729685, -0.420705285, -0.114737805)","(44.699999999999996, 10.95, 41.699999999999996)"
70,11:10:59,0:23:15,"(-9.599729685, -0.53544309, -0.07649187)","(43.65, 11.25, 41.25)"
71,11:11:09,0:23:26,"(-9.56148375, -0.53544309, -0.038245935)","(44.4, 11.1, 40.8)"
72,11:11:20,0:23:36,"(-9.484991879999999, -0.49719715499999995, -0.07649187)","(43.35, 11.25, 41.25)"
73,11:11:31,0:23:47,"(-9.599729685, -0.573689025, 0.0)","(42.9, 11.1, 40.65)"
74,11:11:41,0:23:57,"(-9.56148375, -0.49719715499999995, 0.038245935)","(44.4, 11.4, 41.85)"
75,11:11:52,0:24:8,"(-9.599729685, -0.53544309, 0.0)","(44.25, 9.9, 41.1)"
76,11:12:02,0:24:18,"(-9.56148375, -0.53544309, 0.0)","(44.1, 10.95, 41.1)"
77,11:12:13,0:24:29,"(-9.637975619999999, -0.49719715499999995, 0.038245935)","(43.8, 10.65, 40.8)"
78,11:12:23,0:24:39,"(-9.56148375, -0.45895122, -0.15298374)","(44.1, 11.1, 41.55)"
79,11:12:34,0:24:50,"(-9.676221555, -0.53544309, -0.07649187)","(43.949999999999996, 10.799999999999999, 42.0)"
80,11:12:44,0:25:0,"(-9.56148375, -0.49719715499999995, 0.038245935)","(43.8, 10.95, 42.15)"
81,11:12:55,0:25:11,"(-9.56148375, -0.53544309, 0.07649187)","(43.8, 10.35, 42.449999999999996)"
82,11:13:05,0:25:21,"(-9.523237815, -0.45895122, -0.038245935)","(43.5, 11.4, 42.15)"
83,11:13:16,0:25:32,"(-9.56148375, -0.573689025, 0.0)","(44.1, 11.25, 42.3)"
84,11:13:26,0:25:43,"(-9.599729685, -0.53544309, -0.038245935)","(44.699999999999996, 11.4, 41.85)"
85,11:13:37,0:25:53,"(-9.523237815, -0.49719715499999995, 0.07649187)","(43.05, 10.95, 42.0)"
86,11:13:47,0:26:4,"(-9.56148375, -0.49719715499999995, 0.038245935)","(43.8, 11.7, 41.85)"
87,11:13:58,0:26:14,"(-9.56148375, -0.53544309, 0.191229675)","(43.8, 11.4, 42.15)"
88,11:14:09,0:26:25,"(-9.599729685, -0.61193496, 0.07649187)","(43.949999999999996, 12.15, 42.449999999999996)"
89,11:14:19,0:26:35,"(-9.523237815, -0.49719715499999995, 0.07649187)","(43.65, 12.15, 42.6)"
90,11:14:30,0:26:46,"(-9.56148375, -0.45895122, 0.038245935)","(43.65, 11.25, 41.699999999999996)"
91,11:14:40,0:26:56,"(-9.56148375, -0.53544309, 0.07649187)","(45.0, 10.95, 42.3)"
92,11:14:51,0:27:7,"(-9.637975619999999, -0.53544309, 0.0)","(43.5, 10.95, 42.0)"
93,11:15:01,0:27:17,"(-9.676221555, -0.573689025, 0.038245935)","(43.199999999999996, 11.549999999999999, 42.3)"
94,11:15:15,0:27:31,"(-9.484991879999999, -0.53544309, 0.0)","(43.8, 11.85, 42.3)"
95,11:15:25,0:27:42,"(-9.484991879999999, -0.573689025, -0.038245935)","(43.35, 11.4, 42.0)"
96,11:15:36,0:27:52,"(-9.56148375, -0.49719715499999995, -0.15298374)","(44.25, 11.549999999999999, 42.15)"
97,11:15:47,0:28:3,"(-9.523237815, -0.573689025, 0.114737805)","(43.949999999999996, 11.85, 42.6)"
98,11:15:57,0:28:13,"(-9.599729685, -0.49719715499999995, 0.038245935)","(42.9, 11.4, 42.9)"
99,11:16:08,0:28:24,"(-9.637975619999999, -0.49719715499999995, -0.114737805)","(44.1, 11.549999999999999, 41.4)"
100,11:16:18,0:28:34,"(-9.56148375, -0.53544309, 0.07649187)","(42.9, 11.7, 42.15)"
101,11:16:29,0:28:46,"(-9.56148375, -0.49719715499999995, 0.038245935)","(44.699999999999996, 12.6, 43.05)"
102,11:16:40,0:28:56,"(-9.599729685, -0.53544309, -0.038245935)","(44.25, 11.85, 42.3)"
103,11:16:50,0:29:7,"(-9.484991879999999, -0.53544309, 0.22947561)","(43.5, 12.0, 41.699999999999996)"
104,11:17:01,0:29:17,"(-9.56148375, -0.53544309, 0.07649187)","(44.1, 12.15, 41.85)"
105,11:17:11,0:29:28,"(-9.523237815, -0.573689025, 0.038245935)","(44.699999999999996, 12.0, 41.699999999999996)"
106,11:17:22,0:29:38,"(-9.599729685, -0.53544309, 0.0)","(43.949999999999996, 11.549999999999999, 42.15)"
107,11:17:33,0:29:49,"(-9.637975619999999, -0.61193496, 0.038245935)","(44.699999999999996, 11.85, 42.6)"
108,11:17:43,0:29:59,"(-9.599729685, -0.573689025, 0.07649187)","(43.5, 12.299999999999999, 41.85)"
109,11:17:54,0:30:10,"(-9.56148375, -0.49719715499999995, 0.07649187)","(43.65, 12.299999999999999, 42.75)"
110,11:18:04,0:30:20,"(-9.56148375, -0.53544309, 0.0)","(43.8, 10.95, 42.6)"
111,11:18:15,0:30:31,"(-9.484991879999999, -0.49719715499999995, 0.07649187)","(44.55, 12.45, 43.5)"
112,11:18:25,0:30:41,"(-9.637975619999999, -0.573689025, 0.0)","(44.85, 12.15, 41.699999999999996)"
113,11:18:36,0:30:52,"(-9.676221555, -0.53544309, 0.038245935)","(44.1, 12.299999999999999, 42.0)"
114,11:18:46,0:31:2,"(-9.484991879999999, -0.49719715499999995, 0.0)","(44.25, 11.85, 42.449999999999996)"
115,11:18:57,0:31:13,"(-9.599729685, -0.573689025, 0.0)","(43.35, 12.6, 42.75)"
116,11:19:07,0:31:23,"(-9.599729685, -0.53544309, 0.0)","(43.5, 12.0, 41.55)"
117,11:19:18,0:31:34,"(-9.637975619999999, -0.573689025, 0.114737805)","(44.55, 11.85, 42.449999999999996)"
118,11:19:28,0:31:45,"(-9.637975619999999, -0.53544309, 0.038245935)","(43.8, 11.7, 42.449999999999996)"
119,11:19:39,0:31:55,"(-9.599729685, -0.53544309, 0.0)","(44.4, 12.75, 42.75)"
120,11:19:49,0:32:6,"(-9.599729685, -0.53544309, 0.038245935)","(43.65, 11.85, 42.449999999999996)"
121,11:20:00,0:32:16,"(-9.56148375, -0.61193496, 0.038245935)","(43.8, 12.75, 42.449999999999996)"
122,11:20:11,0:32:27,"(-9.56148375, -0.573689025, 0.07649187)","(44.1, 12.45, 42.9)"
123,11:20:21,0:32:37,"(-9.56148375, -0.573689025, 0.07649187)","(43.949999999999996, 11.7, 42.75)"
124,11:20:32,0:32:48,"(-9.599729685, -0.573689025, 0.0)","(43.8, 12.299999999999999, 42.3)"
125,11:20:42,0:32:58,"(-9.599729685, -0.573689025, 0.07649187)","(43.949999999999996, 12.299999999999999, 43.5)"
126,11:20:53,0:33:9,"(-9.676221555, -0.573689025, 0.038245935)","(44.4, 12.75, 42.449999999999996)"
127,11:21:03,0:33:19,"(-9.523237815, -0.49719715499999995, 0.038245935)","(44.699999999999996, 12.15, 43.199999999999996)"
128,11:21:14,0:33:30,"(-9.56148375, -0.53544309, 0.038245935)","(43.65, 12.15, 42.0)"
129,11:21:24,0:33:41,"(-9.599729685, -0.53544309, 0.0)","(43.199999999999996, 11.4, 42.15)"
130,11:21:35,0:33:51,"(-9.599729685, -0.53544309, 0.038245935)","(44.1, 11.549999999999999, 41.25)"
131,11:21:45,0:34:2,"(-9.56148375, -0.573689025, 0.038245935)","(43.05, 11.25, 41.55)"
132,11:21:56,0:34:12,"(-9.637975619999999, -0.53544309, 0.0)","(43.8, 12.15, 41.55)"
133,11:22:07,0:34:23,"(-9.599729685, -0.53544309, 0.07649187)","(43.5, 11.4, 41.55)"
134,11:22:19,0:34:35,"(-9.637975619999999, -0.49719715499999995, 0.114737805)","(43.65, 11.85, 41.4)"
135,11:22:30,0:34:46,"(-9.56148375, -0.650180895, -0.07649187)","(43.199999999999996, 12.0, 42.0)"
136,11:22:40,0:34:56,"(-9.523237815, -0.573689025, 0.0)","(44.1, 11.549999999999999, 42.6)"
137,11:22:51,0:35:7,"(-9.637975619999999, -0.573689025, 0.07649187)","(44.55, 12.299999999999999, 42.9)"
138,11:23:01,0:35:17,"(-9.523237815, -0.53544309, 0.038245935)","(44.25, 11.4, 41.4)"
139,11:23:12,0:35:28,"(-9.56148375, -0.61193496, 0.038245935)","(44.699999999999996, 11.1, 42.15)"
140,11:23:22,0:35:38,"(-9.56148375, -0.53544309, 0.038245935)","(43.8, 11.25, 42.15)"
141,11:23:33,0:35:49,"(-9.71446749, -0.573689025, 0.038245935)","(43.8, 11.549999999999999, 41.1)"
142,11:23:43,0:36:0,"(-9.56148375, -0.49719715499999995, 0.0)","(44.1, 11.7, 41.85)"
143,11:23:54,0:36:10,"(-9.599729685, -0.573689025, 0.038245935)","(44.25, 12.299999999999999, 42.6)"
144,11:24:05,0:36:21,"(-9.523237815, -0.53544309, 0.07649187)","(44.1, 11.7, 41.699999999999996)"
145,11:24:15,0:36:31,"(-9.676221555, -0.573689025, 0.0)","(44.85, 11.85, 41.85)"
146,11:24:26,0:36:42,"(-9.599729685, -0.53544309, 0.0)","(43.8, 12.15, 42.6)"
147,11:24:36,0:36:53,"(-9.56148375, -0.61193496, 0.07649187)","(45.0, 12.0, 42.3)"
148,11:24:47,0:37:3,"(-9.637975619999999, -0.573689025, 0.0)","(44.55, 11.549999999999999, 42.449999999999996)"
149,11:24:57,0:37:14,"(-9.599729685, -0.53544309, 0.038245935)","(43.199999999999996, 12.45, 41.55)"
150,11:25:08,0:37:24,"(-9.523237815, -0.49719715499999995, 0.038245935)","(43.5, 11.85, 41.699999999999996)"
151,11:25:19,0:37:35,"(-9.599729685, -0.573689025, 0.07649187)","(43.949999999999996, 11.1, 42.3)"
152,11:25:30,0:37:46,"(-9.71446749, -0.573689025, 0.07649187)","(44.699999999999996, 12.0, 42.6)"
153,11:25:40,0:37:56,"(-9.56148375, -0.650180895, -0.07649187)","(43.8, 11.4, 42.6)"
154,11:25:50,0:38:7,"(-9.56148375, -0.61193496, 0.07649187)","(44.4, 11.25, 41.55)"
155,11:26:01,0:38:17,"(-9.676221555, -0.726672765, 0.191229675)","(43.949999999999996, 10.95, 42.15)"
156,11:26:12,0:38:28,"(-9.676221555, -0.49719715499999995, 0.0)","(44.25, 10.799999999999999, 43.05)"
157,11:26:22,0:38:38,"(-9.56148375, -0.49719715499999995, -0.07649187)","(44.85, 10.2, 42.9)"
158,11:26:33,0:38:49,"(-9.523237815, -0.61193496, 0.038245935)","(45.15, 10.5, 42.0)"
159,11:26:43,0:38:59,"(-9.637975619999999, -0.61193496, 0.038245935)","(46.65, 8.549999999999999, 40.5)"
160,11:26:55,0:39:11,"(-9.56148375, -0.53544309, 0.07649187)","(47.25, 8.1, 41.4)"
161,11:27:05,0:39:21,"(-9.599729685, -0.49719715499999995, 0.0)","(48.3, 8.1, 41.55)"
162,11:27:16,0:39:32,"(-9.599729685, -0.61193496, 0.0)","(48.15, 8.7, 41.4)"
163,11:27:26,0:39:42,"(-9.599729685, -0.61193496, -0.038245935)","(42.449999999999996, 9.9, 40.5)"
164,11:27:37,0:39:53,"(-9.523237815, -0.53544309, 0.0)","(42.449999999999996, 10.65, 40.65)"
165,11:27:47,0:40:3,"(-9.637975619999999, -0.726672765, 0.038245935)","(41.4, 10.049999999999999, 40.8)"
166,11:27:58,0:40:14,"(-7.955154479999999, -2.3712479699999998, 1.109132115)","(47.25, 14.399999999999999, 37.949999999999996)"
167,11:28:08,0:40:24,"(-7.87866261, 3.67160976, 0.9943943099999999)","(47.699999999999996, 5.3999999999999995, 33.3)"
168,11:28:19,0:40:35,"(-9.140778465, -0.114737805, -0.9943943099999999)","(45.75, 2.25, 11.549999999999999)"
169,11:28:29,0:40:45,"(-9.56148375, -1.032640245, -0.9943943099999999)","(47.25, 3.15, 33.9)"
170,11:28:40,0:40:56,"(-7.534449195, -0.879656505, -0.22947561)","(31.5, 33.6, 58.349999999999994)"
171,11:28:52,0:41:8,"(-9.370254075, -2.06528049, -0.38245935)","(48.6, 2.1, 15.899999999999999)"
172,11:29:02,0:41:18,"(-11.01482928, -1.109132115, -0.420705285)","(48.9, 22.05, 12.45)"
173,11:29:13,0:41:29,"(-12.31519107, -3.4421341500000002, -1.4150995949999998)","(48.9, 12.45, 35.85)"
174,11:29:23,0:41:39,"(-9.446745945, -0.7649187, -3.7098556950000003)","(38.25, -15.299999999999999, 27.15)"
175,11:29:34,0:41:50,"(-10.517632125, -0.45895122, -3.021428865)","(40.65, 24.15, -6.3)"
176,11:29:44,0:42:0,"(-11.206058955000001, -1.1856239849999999, -1.5298374)","(43.5, 19.349999999999998, 46.35)"
177,11:29:55,0:42:11,"(-10.900091475, -2.3712479699999998, -1.6063292699999998)","(50.1, 10.2, 19.05)"
178,11:30:05,0:42:22,"(-11.62676424, -0.91790244, -0.650180895)","(45.9, -1.65, 8.85)"
179,11:30:16,0:42:32,"(-9.752713425, -1.1856239849999999, -1.22386992)","(35.699999999999996, 33.9, 49.35)"
180,11:30:26,0:42:43,"(-7.228481715, 0.420705285, -2.562477645)","(33.75, 39.75, 5.85)"
181,11:30:37,0:42:53,"(-11.435534565, -0.30596748, -0.9943943099999999)","(39.0, 32.699999999999996, 43.8)"
182,11:30:48,0:43:4,"(-10.747107734999998, -1.1856239849999999, -2.60072358)","(46.65, 19.05, 37.05)"
183,11:30:58,0:43:14,"(-7.80217074, 0.267721545, -3.633363825)","(46.949999999999996, 3.5999999999999996, 35.25)"
184,11:31:09,0:43:25,"(-7.649187, -1.032640245, -0.45895122)","(43.05, -5.1, 33.449999999999996)"
185,11:31:19,0:43:35,"(-7.916908544999999, 0.15298374, -3.8628394349999997)","(48.449999999999996, 21.75, 12.75)"
186,11:31:30,0:43:46,"(-12.2386992, -1.874050815, -2.67721545)","(48.449999999999996, 24.15, 22.05)"
187,11:31:40,0:43:56,"(-9.523237815, -1.109132115, -2.52423171)","(43.05, 22.2, 42.75)"
188,11:31:51,0:44:7,"(-6.50180895, 0.07649187, -5.086709354999999)","(43.199999999999996, 34.05, 16.05)"
189,11:32:01,0:44:18,"(-9.79095936, -0.91790244, -2.256510165)","(41.4, 38.699999999999996, 13.95)"
190,11:32:12,0:44:28,"(-11.129567084999998, -0.22947561, -6.04285773)","(42.6, 36.15, 32.55)"
191,11:32:22,0:44:39,"(-13.271339444999999, -0.191229675, -2.944936995)","(48.0, 0.6, 7.35)"
192,11:32:33,0:44:49,"(-7.840416675, -0.22947561, -3.786347565)","(42.9, -12.6, 6.8999999999999995)"
193,11:32:43,0:45:0,"(-11.4737805, -0.07649187, -3.556871955)","(41.1, 3.15, 43.8)"
194,11:32:54,0:45:10,"(-9.370254075, -1.14737805, -2.103526425)","(36.6, 43.65, 15.899999999999999)"
195,11:33:05,0:45:21,"(-10.78535367, -0.22947561, -5.698644315)","(46.199999999999996, -3.0, 2.55)"
196,11:33:15,0:45:31,"(-7.916908544999999, -1.032640245, -1.262115855)","(24.9, 1.05, 50.85)"
197,11:33:26,0:45:42,"(-10.40289432, -0.49719715499999995, -4.0540691099999995)","(48.0, 8.1, 0.75)"
198,11:33:36,0:45:52,"(-10.24991058, 0.45895122, -4.6660040700000005)","(46.199999999999996, -10.35, 12.15)"
199,11:33:47,0:46:3,"(-8.94954879, -1.568083335, -1.22386992)","(46.949999999999996, 17.55, 30.9)"
200,11:33:57,0:46:13,"(-9.1790244, 0.30596748, -6.2340874049999995)","(46.05, -9.0, 5.85)"
201,11:34:08,0:46:24,"(-10.86184554, -0.07649187, -2.60072358)","(44.4, 6.75, -7.5)"
202,11:34:19,0:46:35,"(-7.49620326, 0.038245935, -2.06528049)","(37.35, -15.6, 35.1)"
203,11:34:29,0:46:45,"(-8.337613829999999, 0.68842683, -5.73689025)","(48.75, -2.6999999999999997, 10.799999999999999)"
204,11:34:40,0:46:56,"(-12.468174809999999, -2.715461385, -2.715461385)","(42.75, 30.299999999999997, 22.2)"
205,11:34:50,0:47:6,"(-10.32640245, -0.45895122, -2.0270345549999997)","(44.55, -0.44999999999999996, 3.9)"
206,11:35:01,0:47:17,"(-8.72007318, -0.956148375, -2.90669106)","(50.4, 6.45, 18.9)"
207,11:35:11,0:47:27,"(-8.79656505, -0.573689025, -1.874050815)","(47.55, -1.65, 27.599999999999998)"
208,11:35:22,0:47:38,"(-10.135172775000001, 0.038245935, -5.698644315)","(37.8, 35.85, 30.15)"
209,11:35:32,0:47:48,"(-9.484991879999999, -1.032640245, -0.726672765)","(40.5, 32.699999999999996, 1.05)"
210,11:35:43,0:47:59,"(-9.25551627, 0.956148375, -6.463563015)","(41.25, -3.5999999999999996, -10.95)"
211,11:35:53,0:48:10,"(-9.140778465, 0.07649187, -4.857233745)","(33.15, 39.0, 18.3)"
212,11:36:04,0:48:20,"(-9.79095936, -0.9943943099999999, -2.06528049)","(45.15, 28.65, 4.8)"
213,11:36:15,0:48:31,"(-9.9439431, 0.15298374, -6.57830082)","(46.05, 14.1, -0.75)"
214,11:36:25,0:48:41,"(-9.599729685, -0.61193496, -1.5298374)","(28.349999999999998, 47.25, 24.75)"
215,11:36:36,0:48:52,"(-9.02604066, -0.191229675, -4.5895122)","(48.15, 20.4, 17.25)"
216,11:36:46,0:49:2,"(-10.058680905000001, -1.338607725, -0.15298374)","(38.4, 37.5, 8.7)"
217,11:36:57,0:49:13,"(-12.391682939999999, 0.420705285, -4.5895122)","(46.5, -10.5, 10.65)"
218,11:37:07,0:49:23,"(-7.725678869999999, 0.038245935, -0.91790244)","(35.25, 39.75, 22.05)"
219,11:37:18,0:49:34,"(-10.976583345, -1.032640245, -2.562477645)","(46.199999999999996, 8.4, -5.1)"
220,11:37:29,0:49:45,"(-9.905697165000001, -0.53544309, -6.27233334)","(43.65, 21.75, 32.699999999999996)"
221,11:37:39,0:49:55,"(-8.03164635, -0.8031646349999999, -0.879656505)","(46.8, -5.55, -0.8999999999999999)"
222,11:37:50,0:50:6,"(-8.222876025, 0.49719715499999995, -4.818987809999999)","(43.949999999999996, -3.9, 33.15)"
223,11:38:00,0:50:16,"(-9.599729685, -0.84141057, -0.53544309)","(42.9, 22.2, 35.4)"
224,11:38:11,0:50:27,"(-10.364648384999999, 0.45895122, -5.73689025)","(47.55, 22.05, 9.75)"
225,11:38:21,0:50:37,"(-8.299367895, -0.38245935, -2.60072358)","(45.9, -13.5, 11.4)"
226,11:38:32,0:50:48,"(-6.50180895, -0.84141057, -0.956148375)","(41.85, 31.95, 13.95)"
227,11:38:42,0:50:58,"(-8.834810985, 0.0, -4.551266265)","(41.85, -12.299999999999999, 16.95)"
228,11:38:53,0:51:9,"(-10.40289432, -0.879656505, -3.0596748)","(40.65, 2.85, 42.15)"
229,11:39:03,0:51:19,"(-9.982189035, -0.879656505, -1.83580488)","(43.949999999999996, -13.5, 26.25)"
230,11:39:14,0:51:30,"(-7.26672765, 0.038245935, -3.74810163)","(49.949999999999996, 12.45, 14.549999999999999)"
231,11:39:24,0:51:41,"(-8.681827245, -1.5298374, -0.68842683)","(48.6, 17.25, 21.9)"
232,11:39:35,0:51:51,"(-10.976583345, -0.68842683, -4.97197155)","(41.4, 28.799999999999997, 29.7)"
233,11:39:46,0:52:2,"(-10.938337409999999, -0.956148375, -0.956148375)","(47.55, 0.8999999999999999, 29.549999999999997)"
234,11:39:56,0:52:12,"(-8.681827245, -0.114737805, -4.89547968)","(50.1, 10.799999999999999, 7.6499999999999995)"
235,11:40:06,0:52:23,"(-9.1790244, -0.49719715499999995, -3.250904475)","(46.05, 11.7, -5.3999999999999995)"
236,11:40:17,0:52:33,"(-9.10253253, -1.262115855, -1.1856239849999999)","(37.35, -23.7, 22.8)"
237,11:40:28,0:52:44,"(-9.79095936, -0.38245935, -4.015823175)","(45.15, -14.549999999999999, 21.45)"
238,11:40:38,0:52:54,"(-9.25551627, -0.9943943099999999, -0.191229675)","(37.949999999999996, 30.75, 30.0)"
239,11:40:49,0:53:5,"(-9.1790244, -1.14737805, -2.103526425)","(32.55, 21.9, -24.0)"
240,11:40:59,0:53:16,"(-9.905697165000001, -0.68842683, -3.403888215)","(42.9, -4.2, 32.55)"
241,11:41:10,0:53:26,"(-13.998012209999999, -0.9943943099999999, -0.420705285)","(49.949999999999996, -3.0, 4.05)"
242,11:41:20,0:53:37,"(-6.8842683000000005, -0.7649187, -1.9887886199999998)","(48.9, -6.3, 7.8)"
243,11:41:31,0:53:47,"(-8.375859765, -0.22947561, 0.573689025)","(49.5, 11.85, 11.7)"
244,11:41:42,0:53:58,"(-8.681827245, 0.038245935, -5.43092277)","(41.1, 18.15, -12.6)"
245,11:41:52,0:54:8,"(-11.817993914999999, -1.109132115, -1.032640245)","(49.199999999999996, 10.95, 3.75)"
246,11:42:03,0:54:19,"(-9.332008140000001, -0.53544309, -3.90108537)","(48.0, 19.65, 10.65)"
247,11:42:13,0:54:29,"(-8.72007318, 0.726672765, -4.627758135)","(43.199999999999996, -5.55, -14.7)"
248,11:42:24,0:54:40,"(-9.867451229999999, -1.4150995949999998, -0.61193496)","(37.949999999999996, 35.1, 5.55)"
249,11:42:34,0:54:51,"(-12.162207330000001, 0.7649187, -5.04846342)","(26.25, 43.8, 9.75)"
250,11:42:45,0:55:1,"(-10.7088618, 0.420705285, -6.310579275)","(45.75, 1.2, -9.75)"
251,11:42:56,0:55:12,"(-9.56148375, -2.4094939049999997, -0.38245935)","(46.949999999999996, 17.25, 16.95)"
252,11:43:06,0:55:22,"(-9.523237815, 0.726672765, -7.419711390000001)","(47.85, -10.5, 16.2)"
253,11:43:17,0:55:33,"(-9.25551627, -0.573689025, -0.53544309)","(43.5, 26.099999999999998, 13.2)"
254,11:43:27,0:55:43,"(-8.337613829999999, 0.38245935, -4.627758135)","(44.699999999999996, 23.55, 2.25)"
255,11:43:38,0:55:54,"(-10.24991058, -1.37685366, -0.879656505)","(41.4, 24.75, 19.95)"
256,11:43:48,0:56:4,"(-8.911302854999999, -0.650180895, -1.5298374)","(30.75, 27.599999999999998, -23.7)"
257,11:43:59,0:56:15,"(-10.47938619, -0.344213415, -4.13056098)","(47.4, -5.1, -6.1499999999999995)"
258,11:44:09,0:56:25,"(-10.900091475, -1.07088618, -1.30036179)","(43.05, -18.599999999999998, -7.8)"
259,11:44:20,0:56:36,"(-9.9439431, -0.420705285, -1.91229675)","(30.299999999999997, 33.0, 30.9)"
260,11:44:33,0:56:49,"(-11.435534565, -0.344213415, -3.0979207349999998)","(39.3, -28.2, 8.25)"
261,11:44:43,0:57:0,"(-10.976583345, -1.83580488, -1.032640245)","(38.25, 26.7, 24.45)"
262,11:44:54,0:57:10,"(-9.332008140000001, -0.22947561, -4.7424959399999995)","(49.949999999999996, 1.7999999999999998, 2.4)"
263,11:45:04,0:57:21,"(-11.09132115, -0.726672765, -0.267721545)","(44.1, -11.85, 25.2)"
264,11:45:15,0:57:31,"(-8.069892285, 0.726672765, -4.704250005)","(33.9, 30.75, 25.05)"
265,11:45:26,0:57:42,"(-9.1790244, -0.91790244, -1.109132115)","(47.699999999999996, 13.35, 5.7)"
266,11:45:36,0:57:52,"(-9.484991879999999, 0.0, -3.556871955)","(33.15, 22.349999999999998, 35.699999999999996)"
267,11:45:47,0:58:3,"(-12.506420745, -0.84141057, -4.0540691099999995)","(42.15, 22.05, 10.65)"
268,11:45:57,0:58:13,"(-9.982189035, -1.4150995949999998, -0.9943943099999999)","(43.5, -1.5, -19.05)"
269,11:46:08,0:58:24,"(-9.332008140000001, 0.038245935, -3.939331305)","(46.199999999999996, -15.0, -4.5)"
270,11:46:18,0:58:34,"(-10.32640245, -0.38245935, -2.0270345549999997)","(46.199999999999996, 12.45, 16.8)"
271,11:46:29,0:58:45,"(-9.40850001, -0.038245935, -3.4421341500000002)","(37.05, 28.5, 0.44999999999999996)"
272,11:46:39,0:58:55,"(-8.681827245, -0.15298374, -4.780741875)","(32.25, -34.199999999999996, 19.8)"
273,11:46:50,0:59:6,"(-8.681827245, -1.45334553, -1.30036179)","(29.849999999999998, -3.3, 43.05)"
274,11:47:00,0:59:16,"(-11.16781302, -0.49719715499999995, -1.9887886199999998)","(41.85, 11.1, -17.7)"
275,11:47:11,0:59:27,"(-9.752713425, -1.4150995949999998, -1.1856239849999999)","(42.75, -22.65, 16.65)"
276,11:47:21,0:59:37,"(-8.79656505, -0.9943943099999999, -2.715461385)","(49.05, 2.6999999999999997, -1.65)"
277,11:47:32,0:59:48,"(-9.25551627, -0.68842683, -1.874050815)","(48.0, -3.15, 13.95)"
278,11:47:43,0:59:59,"(-8.834810985, -1.22386992, -1.6063292699999998)","(32.1, 4.95, -31.799999999999997)"
279,11:47:53,1:0:9,"(-9.982189035, -0.7649187, -3.556871955)","(47.699999999999996, 4.95, 13.799999999999999)"
280,11:48:04,1:0:20,"(-11.4737805, -0.038245935, -1.7210670750000001)","(48.6, 4.05, 0.15)"
281,11:48:14,1:0:30,"(-11.55027237, -0.344213415, -6.999006104999999)","(35.4, -10.35, -29.25)"
282,11:48:25,1:0:41,"(-9.140778465, 0.15298374, -4.780741875)","(47.1, 5.1, 19.95)"
283,11:48:35,1:0:51,"(-10.135172775000001, -0.07649187, -1.37685366)","(48.0, -8.25, -1.65)"
284,11:48:46,1:1:2,"(-10.47938619, 0.114737805, -6.34882521)","(35.25, 29.25, -5.55)"
285,11:48:56,1:1:13,"(-8.834810985, -1.568083335, -0.61193496)","(49.8, -4.95, -5.85)"
286,11:49:07,1:1:23,"(-7.6109410650000004, 0.7649187, -6.8460223650000005)","(37.35, 3.4499999999999997, 32.55)"
287,11:49:18,1:1:34,"(-7.649187, -0.726672765, -0.956148375)","(48.449999999999996, 1.7999999999999998, 5.85)"
288,11:49:28,1:1:44,"(-8.987794725, 0.45895122, -4.933725614999999)","(41.55, -25.8, 12.45)"
289,11:49:39,1:1:55,"(-8.911302854999999, -1.491591465, -1.37685366)","(44.25, 6.6, -16.2)"
290,11:49:49,1:2:5,"(-8.605335375, -0.267721545, -4.7424959399999995)","(48.6, -9.9, -4.35)"
291,11:50:00,1:2:16,"(-11.244304889999999, -1.6063292699999998, -1.874050815)","(48.15, 5.25, 3.0)"
292,11:50:10,1:2:26,"(-11.01482928, -0.49719715499999995, -2.60072358)","(41.25, -29.849999999999998, -1.2)"
293,11:50:21,1:2:37,"(-16.636981725000002, -0.22947561, -3.7098556950000003)","(28.799999999999997, 33.6, -7.5)"
294,11:50:33,1:2:49,"(-12.276945134999998, -0.344213415, -2.8301991899999996)","(45.15, -18.45, -14.1)"
295,11:50:44,1:3:0,"(-13.38607725, -0.61193496, -6.50180895)","(40.65, -2.85, 26.849999999999998)"
296,11:50:54,1:3:10,"(-8.4141057, -1.45334553, -1.83580488)","(15.75, 37.35, -14.549999999999999)"
297,11:51:05,1:3:21,"(-15.795571155000001, -0.038245935, -6.693038625)","(33.75, 25.5, -13.65)"
298,11:51:15,1:3:31,"(-11.588518305000001, -0.68842683, -0.344213415)","(38.55, 19.95, 14.549999999999999)"
299,11:51:26,1:3:42,"(-8.26112196, -0.344213415, -6.65479269)","(36.449999999999996, -4.2, 21.45)"
300,11:51:37,1:3:53,"(-11.39728863, -1.68282114, -0.9943943099999999)","(44.699999999999996, -20.849999999999998, -14.1)"
301,11:51:47,1:4:3,"(-10.78535367, 0.61193496, -5.27793903)","(47.25, -4.35, 14.7)"
302,11:51:58,1:4:14,"(-8.758319115, -1.032640245, -1.22386992)","(48.0, -14.85, -6.3)"
303,11:52:08,1:4:24,"(-10.09692684, -0.30596748, -3.13616667)","(46.05, -1.7999999999999998, -14.1)"
304,11:52:19,1:4:35,"(-8.4141057, -1.338607725, -0.53544309)","(38.4, -1.2, -30.9)"
305,11:52:29,1:4:46,"(-8.108138219999999, -0.84141057, -2.52423171)","(44.85, -7.6499999999999995, 16.95)"
306,11:52:40,1:4:56,"(-8.299367895, -1.4150995949999998, -0.8031646349999999)","(42.0, 15.6, -0.8999999999999999)"
307,11:52:51,1:5:7,"(-8.56708944, -0.956148375, -1.45334553)","(40.199999999999996, -28.95, 2.85)"
308,11:53:01,1:5:17,"(-11.741502044999999, -0.726672765, -2.67721545)","(37.5, 22.65, -4.6499999999999995)"
309,11:53:12,1:5:28,"(-9.867451229999999, -1.4150995949999998, -1.5298374)","(36.3, 5.7, 26.099999999999998)"
310,11:53:22,1:5:38,"(-11.053075215, -0.650180895, -2.256510165)","(36.75, -4.95, 28.05)"
311,11:53:33,1:5:49,"(-5.81338212, -1.07088618, -1.37685366)","(7.199999999999999, 32.25, -29.4)"
312,11:53:44,1:6:0,"(-11.39728863, -3.2126585399999996, -0.9943943099999999)","(40.949999999999996, -18.0, 18.75)"
313,11:53:54,1:6:10,"(-9.905697165000001, -0.38245935, -3.90108537)","(41.4, -2.6999999999999997, -23.7)"
314,11:54:06,1:6:22,"(-9.217270335, -1.262115855, -0.22947561)","(34.35, 21.599999999999998, 11.1)"
315,11:54:17,1:6:33,"(-13.577306925, -1.68282114, -5.239693095)","(41.25, 13.95, 0.0)"
316,11:54:27,1:6:43,"(-9.140778465, 0.22947561, -2.8301991899999996)","(43.5, -4.2, -26.4)"
317,11:54:38,1:6:54,"(-10.747107734999998, -0.15298374, -1.75931301)","(32.55, -5.3999999999999995, -40.949999999999996)"
318,11:54:48,1:7:4,"(-7.34321952, -0.07649187, -3.67160976)","(37.8, -3.3, 17.55)"
319,11:54:59,1:7:15,"(-9.752713425, -2.0270345549999997, -0.45895122)","(43.35, -14.85, -24.9)"
320,11:55:09,1:7:25,"(-9.332008140000001, -0.53544309, -2.868445125)","(48.0, -12.6, -3.3)"
321,11:55:20,1:7:36,"(-7.381465454999999, -0.956148375, -0.53544309)","(39.75, 10.2, 9.299999999999999)"
322,11:55:30,1:7:46,"(-10.7088618, -0.573689025, -2.103526425)","(42.9, 7.05, -20.4)"
323,11:55:41,1:7:57,"(-10.55587806, -0.267721545, -2.75370732)","(33.0, 19.349999999999998, 8.4)"
324,11:55:52,1:8:8,"(-8.528843505, -1.37685366, -1.68282114)","(46.65, -10.5, 2.4)"
325,11:56:02,1:8:18,"(-11.16781302, -1.1856239849999999, -2.2947561)","(33.0, 7.6499999999999995, 20.25)"
326,11:56:13,1:8:29,"(-6.769530495, -0.91790244, -1.7210670750000001)","(36.6, 18.15, -10.2)"
327,11:56:23,1:8:39,"(-9.79095936, -0.53544309, -3.9775772399999996)","(28.2, -48.0, -7.6499999999999995)"
328,11:56:34,1:8:50,"(-11.55027237, -1.338607725, -1.75931301)","(30.15, 18.0, -29.7)"
329,11:56:44,1:9:0,"(-10.441140255, -0.53544309, -3.7098556950000003)","(34.65, 12.9, 9.45)"
330,11:56:55,1:9:11,"(-7.80217074, -0.22947561, -3.786347565)","(34.8, -39.75, 2.85)"
331,11:57:05,1:9:21,"(-7.725678869999999, -1.30036179, -0.61193496)","(26.25, -4.95, 27.75)"
332,11:57:16,1:9:32,"(-16.101538634999997, 0.650180895, -6.1958414699999995)","(41.4, -34.35, -5.1)"
333,11:57:27,1:9:43,"(-10.24991058, -1.032640245, -1.30036179)","(38.55, -5.85, -38.55)"
334,11:57:38,1:9:54,"(-8.681827245, -0.191229675, -3.2126585399999996)","(45.0, -13.35, -26.4)"
335,11:57:48,1:10:4,"(-8.987794725, -0.726672765, -2.715461385)","(42.3, -10.35, -31.95)"
336,11:57:59,1:10:15,"(-8.94954879, -0.956148375, -1.262115855)","(47.1, -11.4, -7.05)"
337,11:58:09,1:10:25,"(-12.735896355000001, -0.420705285, -3.021428865)","(35.55, 13.049999999999999, 9.45)"
338,11:58:20,1:10:36,"(-8.79656505, -1.07088618, -0.61193496)","(32.85, -24.3, 18.599999999999998)"
339,11:58:30,1:10:46,"(-8.49059757, -0.45895122, -3.174412605)","(28.2, -23.25, 21.9)"
340,11:58:41,1:10:57,"(-10.211664644999999, -1.37685366, -0.7649187)","(37.949999999999996, -14.399999999999999, 13.65)"
341,11:58:51,1:11:7,"(-15.374865869999999, 0.84141057, -2.485985775)","(45.449999999999996, -16.349999999999998, -6.3)"
342,11:59:02,1:11:18,"(-5.27793903, 0.420705285, -3.13616667)","(22.95, 25.349999999999998, -15.149999999999999)"
343,11:59:12,1:11:28,"(-11.4737805, -0.879656505, -1.5298374)","(40.8, -34.5, -9.0)"
344,11:59:23,1:11:39,"(-9.56148375, -0.420705285, -3.403888215)","(29.099999999999998, -22.05, 20.4)"
345,11:59:33,1:11:49,"(-12.965371965, -1.874050815, -2.14177236)","(32.85, -7.05, 17.849999999999998)"
346,11:59:44,1:12:0,"(-6.2340874049999995, -0.84141057, -1.14737805)","(38.699999999999996, 0.15, 1.5)"
347,11:59:55,1:12:11,"(-11.741502044999999, -0.8031646349999999, -2.3712479699999998)","(46.199999999999996, -15.299999999999999, -20.4)"
348,12:00:05,1:12:21,"(-5.545660575, -0.344213415, -2.0270345549999997)","(2.25, 25.8, -37.5)"
349,12:00:16,1:12:32,"(-9.79095936, -0.726672765, -1.07088618)","(37.65, -28.95, 8.25)"
350,12:00:27,1:12:43,"(-8.26112196, -1.22386992, -2.180018295)","(32.699999999999996, 4.2, -41.55)"
351,12:00:37,1:12:53,"(-11.85623985, -1.032640245, -2.8301991899999996)","(30.45, 17.849999999999998, -13.799999999999999)"
352,12:00:48,1:13:4,"(-10.86184554, -0.9943943099999999, -0.91790244)","(38.699999999999996, 6.75, -10.2)"
353,12:00:58,1:13:14,"(-11.129567084999998, -1.032640245, -1.14737805)","(22.95, 10.049999999999999, 13.049999999999999)"
354,12:01:11,1:13:27,"(-9.446745945, -1.14737805, -1.4150995949999998)","(29.849999999999998, 0.75, -48.3)"
355,12:01:22,1:13:38,"(-10.058680905000001, -1.75931301, -1.1856239849999999)","(29.25, -42.0, -41.699999999999996)"
356,12:01:32,1:13:48,"(-13.53906099, -0.879656505, -2.3330020350000003)","(39.15, -3.4499999999999997, -37.35)"
357,12:01:43,1:13:59,"(-5.58390651, -0.84141057, -0.038245935)","(28.05, -2.25, 14.1)"
358,12:01:53,1:14:9,"(-8.64358131, -0.573689025, -0.45895122)","(34.35, 10.799999999999999, -4.5)"
359,12:02:04,1:14:20,"(-11.359042695, -0.9943943099999999, -0.956148375)","(35.4, 9.299999999999999, -7.949999999999999)"
360,12:02:15,1:14:31,"(-5.775136185, -0.650180895, -1.30036179)","(42.15, -2.55, -11.25)"
361,12:02:26,1:14:42,"(-11.894485784999999, -0.84141057, -1.07088618)","(45.9, -15.6, -20.4)"
362,12:02:36,1:14:52,"(-14.571701234999999, -2.103526425, -1.37685366)","(35.4, 6.0, -2.25)"
363,12:02:47,1:15:3,"(-8.26112196, -1.109132115, -0.91790244)","(26.55, -24.3, -56.4)"
364,12:02:58,1:15:14,"(-9.676221555, -1.5298374, -1.22386992)","(27.599999999999998, 11.4, 0.3)"
365,12:03:08,1:15:24,"(-8.03164635, -0.038245935, -1.874050815)","(34.8, 2.25, -38.4)"
366,12:03:19,1:15:35,"(-13.692044730000001, -2.256510165, -1.262115855)","(41.55, -13.799999999999999, 0.0)"
367,12:03:29,1:15:45,"(-2.485985775, 0.30596748, -2.75370732)","(-30.0, 20.7, -19.8)"
368,12:03:40,1:15:56,"(-15.60434148, -0.726672765, -0.956148375)","(34.35, -29.549999999999997, -47.85)"
369,12:03:50,1:16:6,"(-7.955154479999999, 0.191229675, -6.80777643)","(2.85, 17.4, 6.0)"
370,12:04:01,1:16:17,"(-7.725678869999999, 0.49719715499999995, -6.769530495)","(15.0, -58.5, -10.35)"
371,12:04:12,1:16:28,"(-17.66962197, -1.14737805, -3.74810163)","(32.1, -50.1, -30.15)"
372,12:04:22,1:16:38,"(-3.633363825, 0.726672765, -6.0811036650000005)","(28.2, -53.55, -16.05)"
373,12:04:33,1:16:49,"(-16.407506115, -0.956148375, -0.84141057)","(42.9, -30.0, -19.2)"
374,12:04:43,1:16:59,"(-8.26112196, 1.07088618, -5.4691687049999995)","(30.0, -50.85, -16.95)"
375,12:04:54,1:17:10,"(-7.955154479999999, -0.15298374, -1.950542685)","(3.9, -50.25, 8.549999999999999)"
376,12:05:04,1:17:20,"(-15.183636195, -0.573689025, -6.1193496)","(20.099999999999998, -32.85, 14.1)"
377,12:05:15,1:17:31,"(-5.545660575, -0.84141057, -0.573689025)","(23.25, -52.5, -41.699999999999996)"
378,12:05:25,1:17:41,"(-15.489603675, -0.45895122, -1.75931301)","(34.65, -23.7, 3.4499999999999997)"
379,12:05:36,1:17:52,"(-9.25551627, -0.61193496, -2.791953255)","(11.4, -36.75, -64.8)"
380,12:05:46,1:18:2,"(-12.08571546, 0.15298374, -1.37685366)","(24.15, -42.15, 5.7)"
381,12:05:57,1:18:13,"(-12.00922359, 0.22947561, -2.98318293)","(7.6499999999999995, 20.849999999999998, -12.299999999999999)"
382,12:06:07,1:18:24,"(-18.243310994999998, -0.84141057, -1.37685366)","(27.0, -47.699999999999996, -1.5)"
383,12:06:18,1:18:34,"(-8.222876025, -0.650180895, -1.14737805)","(-2.85, 0.6, 16.8)"
384,12:06:29,1:18:45,"(-13.845028469999999, -1.68282114, -2.180018295)","(31.049999999999997, -23.55, -54.3)"
385,12:06:39,1:18:55,"(-7.03725204, -1.491591465, -0.726672765)","(2.25, -31.349999999999998, 19.65)"
386,12:06:50,1:19:6,"(-15.719079285, -1.568083335, -1.6063292699999998)","(39.449999999999996, -7.949999999999999, -8.25)"
387,12:07:00,1:19:16,"(-11.16781302, -0.49719715499999995, -4.245298785)","(25.5, 14.1, -22.95)"
388,12:07:11,1:19:27,"(-3.67160976, -1.07088618, -0.114737805)","(28.2, -43.199999999999996, -50.25)"
389,12:07:21,1:19:37,"(-17.36365449, -2.0270345549999997, -3.51862602)","(43.65, -20.7, -23.7)"
390,12:07:32,1:19:48,"(-7.228481715, -1.22386992, -1.644575205)","(19.05, -56.85, -39.75)"
391,12:07:43,1:19:59,"(-3.90108537, -0.420705285, -0.726672765)","(-1.95, -23.099999999999998, 22.95)"
392,12:07:53,1:20:9,"(-13.768536600000001, -1.6063292699999998, -2.14177236)","(18.15, -49.5, 5.1)"
393,12:08:04,1:20:20,"(-8.069892285, -0.573689025, -2.3712479699999998)","(38.55, -5.25, -36.75)"
394,12:08:14,1:20:30,"(-13.46256912, -1.37685366, -2.180018295)","(41.1, -13.65, -9.75)"
395,12:08:25,1:20:41,"(-2.06528049, -0.420705285, -1.4150995949999998)","(-25.95, 19.5, -12.45)"
396,12:08:35,1:20:51,"(-10.976583345, -1.032640245, -1.262115855)","(34.949999999999996, 1.3499999999999999, -8.1)"
397,12:08:46,1:21:2,"(-7.725678869999999, -0.879656505, -1.262115855)","(34.65, -32.55, -47.1)"
398,12:08:57,1:21:13,"(-9.905697165000001, -0.84141057, -5.086709354999999)","(33.6, 3.5999999999999996, -34.65)"
399,12:09:07,1:21:23,"(-19.50542685, -2.638969515, -2.44773984)","(40.5, -6.3, -27.0)"
400,12:09:18,1:21:34,"(-7.03725204, 1.14737805, -7.075497975)","(40.199999999999996, -5.85, -9.9)"
401,12:09:28,1:21:44,"(-11.741502044999999, -1.5298374, -1.109132115)","(42.6, -13.35, -27.9)"
402,12:09:39,1:21:55,"(-5.545660575, -0.420705285, -2.3330020350000003)","(28.799999999999997, 12.45, -23.25)"
403,12:09:49,1:22:6,"(-17.172424815, -0.53544309, -7.03725204)","(42.9, -21.75, -8.549999999999999)"
404,12:10:00,1:22:16,"(-9.370254075, -1.37685366, -1.109132115)","(41.85, -8.25, -9.15)"
405,12:10:11,1:22:27,"(-10.86184554, 0.726672765, -6.769530495)","(43.949999999999996, -15.45, -14.1)"
406,12:10:21,1:22:37,"(-7.26672765, -1.032640245, -1.7210670750000001)","(8.1, -48.0, 11.549999999999999)"
407,12:10:32,1:22:48,"(-16.636981725000002, -1.9887886199999998, -1.262115855)","(32.4, -32.55, -48.449999999999996)"
408,12:10:42,1:22:58,"(-3.403888215, -1.37685366, -0.22947561)","(18.45, -39.3, 14.7)"
409,12:10:53,1:23:9,"(-12.62115855, -1.91229675, -1.874050815)","(44.4, -24.75, -15.899999999999999)"
410,12:11:03,1:23:19,"(-13.15660164, -1.1856239849999999, -0.8031646349999999)","(39.449999999999996, -7.8, -3.0)"
411,12:11:14,1:23:30,"(-9.523237815, -1.1856239849999999, -0.9943943099999999)","(43.65, -26.4, -20.849999999999998)"
412,12:11:25,1:23:41,"(-10.632369930000001, -1.14737805, -2.06528049)","(44.25, -19.95, -27.0)"
413,12:11:35,1:23:51,"(-9.829205295, -1.1856239849999999, -0.84141057)","(28.2, -43.35, -44.4)"
414,12:11:46,1:24:2,"(-12.506420745, -0.650180895, -1.4150995949999998)","(34.65, 6.8999999999999995, -28.65)"
415,12:11:56,1:24:12,"(-7.381465454999999, -1.30036179, -0.45895122)","(41.1, -34.949999999999996, -20.55)"
416,12:12:07,1:24:23,"(-16.483997985, -1.950542685, -1.950542685)","(42.3, -28.95, -12.15)"
417,12:12:17,1:24:33,"(-5.545660575, -0.91790244, -0.573689025)","(23.55, -12.299999999999999, 17.25)"
418,12:12:28,1:24:44,"(-16.98119514, -2.0270345549999997, -1.75931301)","(43.949999999999996, -18.9, -28.95)"
419,12:12:38,1:24:54,"(-12.200453264999998, -0.45895122, -1.4150995949999998)","(37.5, -42.15, -25.05)"
420,12:12:49,1:25:5,"(-17.89909758, -1.75931301, -4.245298785)","(40.65, -37.65, -22.05)"
421,12:12:59,1:25:15,"(-18.89349189, -1.37685366, -5.698644315)","(33.0, -42.6, -36.75)"
422,12:13:10,1:25:26,"(-12.047469525, -0.879656505, -1.45334553)","(17.55, -48.0, 8.25)"
423,12:13:20,1:25:36,"(-6.999006104999999, -0.68842683, -1.491591465)","(28.349999999999998, -48.15, -36.0)"
424,12:13:31,1:25:47,"(-17.784359775, -1.262115855, -4.20705285)","(39.9, -37.8, -24.3)"
425,12:13:41,1:25:57,"(-9.370254075, -0.84141057, -1.14737805)","(29.849999999999998, 12.45, -31.799999999999997)"
426,12:13:52,1:26:8,"(-12.00922359, -1.1856239849999999, -1.83580488)","(30.45, -20.7, 15.149999999999999)"
427,12:14:03,1:26:19,"(-11.970977655, -1.1856239849999999, -2.52423171)","(21.15, 17.25, -32.699999999999996)"
428,12:14:13,1:26:29,"(-11.93273172, -1.14737805, -3.90108537)","(12.0, -12.45, -63.449999999999996)"
429,12:14:24,1:26:40,"(-12.812388225, -0.726672765, -3.28915041)","(0.44999999999999996, -57.9, 0.8999999999999999)"
430,12:14:34,1:26:50,"(-17.019441075, -2.715461385, -1.75931301)","(30.15, 5.1, -42.15)"
431,12:14:45,1:27:1,"(-6.9225142349999995, -0.956148375, -0.956148375)","(34.199999999999996, -48.3, -18.0)"
432,12:14:55,1:27:11,"(-10.47938619, -0.879656505, -2.3330020350000003)","(35.25, -23.099999999999998, -45.15)"
433,12:15:06,1:27:22,"(-9.599729685, -1.032640245, -0.8031646349999999)","(36.449999999999996, -24.15, 7.05)"
434,12:15:17,1:27:33,"(-10.47938619, -1.338607725, -0.91790244)","(31.349999999999998, -27.75, -48.449999999999996)"
435,12:15:27,1:27:43,"(-7.57269513, -0.84141057, -1.37685366)","(16.8, 9.0, 14.549999999999999)"
436,12:15:38,1:27:54,"(-6.9607601699999995, -1.032640245, -1.07088618)","(34.65, 6.0, -4.6499999999999995)"
437,12:15:48,1:28:4,"(-13.653798795, -2.21826423, -0.9943943099999999)","(33.75, 7.8, -2.85)"
438,12:15:59,1:28:15,"(-17.172424815, -1.644575205, -1.83580488)","(37.65, -26.7, 4.35)"
439,12:16:09,1:28:25,"(-14.99240652, -1.45334553, -1.6063292699999998)","(44.25, -20.849999999999998, -13.35)"
440,12:16:20,1:28:36,"(-8.528843505, -1.07088618, -1.491591465)","(42.6, -10.35, -30.45)"
441,12:16:30,1:28:46,"(-9.140778465, -0.9943943099999999, -0.9943943099999999)","(28.95, 3.0, 9.6)"
442,12:16:41,1:28:57,"(-10.78535367, -1.5298374, -1.1856239849999999)","(34.8, 9.45, -14.1)"
443,12:16:52,1:29:8,"(-7.534449195, -0.879656505, -2.0270345549999997)","(25.349999999999998, 2.85, 13.65)"
444,12:17:02,1:29:18,"(-19.50542685, -1.109132115, -1.874050815)","(35.4, -17.55, 10.5)"
445,12:17:13,1:29:29,"(-19.50542685, -1.874050815, -2.103526425)","(8.1, 2.1, -57.9)"
446,12:17:23,1:29:39,"(-15.14539026, -1.68282114, -1.262115855)","(16.8, 8.25, 15.6)"
447,12:17:34,1:29:50,"(-7.6874329349999995, -1.1856239849999999, -0.84141057)","(8.4, -28.349999999999998, -61.349999999999994)"
448,12:17:44,1:30:0,"(-15.910308959999998, -1.874050815, -2.67721545)","(35.85, -38.55, -40.949999999999996)"
449,12:17:55,1:30:11,"(-9.56148375, -1.644575205, -0.650180895)","(5.85, 23.099999999999998, -0.15)"
450,12:18:05,1:30:21,"(-5.698644315, -0.726672765, -0.344213415)","(15.0, -59.25, -27.599999999999998)"
451,12:18:16,1:30:32,"(-15.98680083, -1.338607725, -2.180018295)","(33.75, 9.6, -25.349999999999998)"
452,12:18:26,1:30:42,"(-6.2340874049999995, -0.7649187, -0.9943943099999999)","(22.8, 13.5, 6.3)"
453,12:18:37,1:30:53,"(-15.60434148, -1.644575205, -1.75931301)","(29.849999999999998, -49.8, -7.949999999999999)"
454,12:18:48,1:31:4,"(-14.60994717, -2.06528049, -1.07088618)","(1.05, -38.4, 23.4)"
455,12:18:58,1:31:14,"(-8.605335375, -1.30036179, -0.9943943099999999)","(13.5, 5.25, 20.25)"
456,12:19:09,1:31:25,"(-16.254522375, -1.75931301, -1.568083335)","(33.75, 10.2, -23.849999999999998)"
457,12:19:20,1:31:36,"(-6.8842683000000005, -0.7649187, -1.032640245)","(25.05, 19.05, -12.299999999999999)"
458,12:19:31,1:31:47,"(-13.998012209999999, -1.07088618, -0.267721545)","(30.75, -41.1, -40.949999999999996)"
459,12:19:41,1:31:57,"(-9.599729685, -0.420705285, -1.644575205)","(15.899999999999999, 9.9, -49.35)"
460,12:19:52,1:32:8,"(-7.6874329349999995, -1.032640245, -1.338607725)","(30.0, -42.9, 3.75)"
461,12:20:02,1:32:18,"(-12.123961395, -1.491591465, -1.4150995949999998)","(30.9, -47.1, -34.05)"
462,12:20:13,1:32:29,"(-8.64358131, -0.8031646349999999, -0.68842683)","(4.35, 15.899999999999999, -48.9)"
463,12:20:23,1:32:39,"(-9.56148375, -1.22386992, -3.2126585399999996)","(10.049999999999999, 20.849999999999998, 4.8)"
464,12:20:34,1:32:50,"(-19.50542685, -2.180018295, -1.338607725)","(24.75, -52.949999999999996, -31.2)"
465,12:20:44,1:33:0,"(-10.09692684, -1.262115855, -0.956148375)","(33.3, -47.4, -14.85)"
466,12:20:55,1:33:11,"(-11.282550825, -1.45334553, -1.950542685)","(27.9, 13.35, -32.699999999999996)"
467,12:21:05,1:33:21,"(-13.806782534999998, -1.338607725, -1.262115855)","(41.1, -16.5, 2.25)"
468,12:21:16,1:33:32,"(-10.938337409999999, -1.109132115, -0.84141057)","(30.15, 7.6499999999999995, -38.699999999999996)"
469,12:21:27,1:33:43,"(-6.387071144999999, -0.91790244, -1.07088618)","(39.9, -15.6, 7.05)"
470,12:21:37,1:33:53,"(-10.747107734999998, -1.14737805, -1.75931301)","(37.199999999999996, -27.15, -39.9)"
471,12:21:48,1:34:4,"(-18.58752441, -1.7975589449999998, -1.6063292699999998)","(34.05, 8.549999999999999, -28.349999999999998)"
472,12:21:58,1:34:14,"(-3.786347565, -0.49719715499999995, -0.267721545)","(15.149999999999999, 1.5, -54.15)"
473,12:22:09,1:34:25,"(-10.7088618, -1.37685366, -1.37685366)","(27.0, 9.0, -35.85)"
474,12:22:19,1:34:35,"(-7.649187, -1.1856239849999999, -0.68842683)","(45.449999999999996, -16.8, -6.0)"
475,12:22:30,1:34:46,"(-18.243310994999998, -2.638969515, -1.14737805)","(37.199999999999996, 7.199999999999999, -10.35)"
476,12:22:40,1:34:56,"(-10.211664644999999, -1.568083335, -0.8031646349999999)","(8.85, 8.4, 22.65)"
477,12:22:51,1:35:7,"(-11.16781302, -0.68842683, -1.30036179)","(11.85, 17.55, 13.35)"
478,12:23:01,1:35:17,"(-11.435534565, -1.45334553, -1.30036179)","(34.35, -45.75, -14.399999999999999)"
479,12:23:12,1:35:28,"(-9.064286595, -1.262115855, -0.9943943099999999)","(35.25, -23.849999999999998, 13.2)"
480,12:23:22,1:35:38,"(-6.0811036650000005, -0.956148375, -0.38245935)","(24.15, 18.3, 1.95)"
481,12:23:33,1:35:49,"(-10.135172775000001, -0.879656505, -1.75931301)","(13.799999999999999, -16.95, 29.4)"
482,12:23:43,1:35:59,"(-12.08571546, -1.491591465, -1.45334553)","(27.599999999999998, -51.9, -15.75)"
483,12:23:54,1:36:10,"(-15.60434148, -1.9887886199999998, -1.30036179)","(28.05, -34.65, 15.899999999999999)"
484,12:24:04,1:36:20,"(-13.500815055, -1.37685366, -1.7975589449999998)","(22.05, -4.8, -53.699999999999996)"
485,12:24:15,1:36:31,"(-8.299367895, -0.84141057, -1.14737805)","(27.599999999999998, -9.6, -50.85)"
486,12:24:26,1:36:41,"(-10.594123995, -1.30036179, -0.68842683)","(33.6, 5.1, -34.5)"
487,12:24:36,1:36:52,"(-14.303979689999998, -2.21826423, -1.5298374)","(46.05, -17.7, -19.05)"
488,12:24:47,1:37:3,"(-15.298374, -1.644575205, -1.874050815)","(44.1, -7.5, -20.4)"
489,12:24:58,1:37:14,"(-13.845028469999999, -1.644575205, -1.45334553)","(39.449999999999996, -38.25, -9.15)"
490,12:25:09,1:37:25,"(-11.77974798, -1.68282114, -1.644575205)","(39.3, -36.15, -27.75)"
491,12:25:19,1:37:35,"(-9.56148375, -0.879656505, -1.1856239849999999)","(30.15, 0.75, 15.149999999999999)"
492,12:25:30,1:37:46,"(-8.834810985, -0.91790244, -0.879656505)","(44.25, -19.95, -3.3)"
493,12:25:41,1:37:57,"(-8.337613829999999, -1.14737805, -1.22386992)","(25.95, -47.1, 5.1)"
494,12:25:51,1:38:7,"(-11.77974798, -1.30036179, -0.956148375)","(22.05, -20.25, -55.199999999999996)"
495,12:26:02,1:38:18,"(-13.653798795, -1.5298374, -1.4150995949999998)","(28.95, -45.0, -35.1)"
496,12:26:13,1:38:29,"(-12.62115855, -1.491591465, -1.37685366)","(23.7, 4.05, -47.699999999999996)"
497,12:26:23,1:38:39,"(-12.965371965, -1.5298374, -1.07088618)","(25.349999999999998, -50.55, 1.05)"
498,12:26:34,1:38:50,"(-8.911302854999999, -1.07088618, -0.650180895)","(25.95, -9.75, 25.2)"
499,12:26:44,1:39:0,"(-5.04846342, -0.91790244, -0.53544309)","(37.949999999999996, -30.9, 6.0)"
500,12:26:55,1:39:11,"(-9.40850001, -1.4150995949999998, -1.338607725)","(25.95, 18.599999999999998, -26.55)"
501,12:27:05,1:39:21,"(-13.883274405, -1.68282114, -0.8031646349999999)","(31.65, -25.05, -45.3)"
502,12:27:16,1:39:32,"(-14.762930909999998, -1.45334553, -1.45334553)","(40.05, -37.199999999999996, -13.049999999999999)"
503,12:27:26,1:39:42,"(-16.178030505, -1.6063292699999998, -1.75931301)","(31.65, -44.699999999999996, -26.4)"
504,12:27:37,1:39:53,"(-11.129567084999998, -1.22386992, -1.262115855)","(26.55, -51.15, -20.4)"
505,12:27:48,1:40:4,"(-11.129567084999998, -1.491591465, -0.726672765)","(32.4, -16.05, 19.8)"
506,12:27:58,1:40:14,"(-9.293762205, -1.032640245, -1.07088618)","(45.75, -14.399999999999999, -13.65)"
507,12:28:09,1:40:25,"(-9.867451229999999, -1.1856239849999999, -1.032640245)","(30.599999999999998, -31.95, 17.7)"
508,12:28:19,1:40:35,"(-6.463563015, -0.956148375, -0.49719715499999995)","(19.65, 26.7, -7.949999999999999)"
509,12:28:30,1:40:46,"(-11.435534565, -1.338607725, -1.14737805)","(45.6, -21.3, -16.349999999999998)"
510,12:28:40,1:40:56,"(-9.02604066, -1.262115855, -0.9943943099999999)","(34.65, 12.75, -23.7)"
511,12:28:51,1:41:7,"(-7.190235779999999, -1.07088618, -0.68842683)","(20.849999999999998, -47.55, -35.699999999999996)"
512,12:29:02,1:41:17,"(-8.299367895, -0.879656505, -0.956148375)","(38.25, 2.85, -30.45)"
513,12:29:12,1:41:28,"(-9.332008140000001, -1.262115855, -0.7649187)","(33.15, -31.049999999999997, -37.949999999999996)"
514,12:29:23,1:41:39,"(-8.452351635, -1.032640245, -0.956148375)","(44.85, -23.55, -10.65)"
515,12:29:33,1:41:49,"(-11.894485784999999, -1.338607725, -1.45334553)","(37.05, -20.55, 16.2)"
516,12:29:44,1:42:0,"(-6.8842683000000005, -0.91790244, -0.30596748)","(16.2, 28.349999999999998, -15.45)"
517,12:29:54,1:42:10,"(-7.763924804999999, -1.14737805, -0.7649187)","(45.15, -6.8999999999999995, -5.3999999999999995)"
518,12:30:05,1:42:21,"(-9.332008140000001, -0.9943943099999999, -0.879656505)","(37.199999999999996, 8.1, 4.8)"
519,12:30:15,1:42:31,"(-10.09692684, -1.30036179, -0.49719715499999995)","(30.9, 0.75, 19.95)"
520,12:30:26,1:42:42,"(-9.752713425, -1.109132115, -0.8031646349999999)","(40.949999999999996, 4.5, 0.15)"
521,12:30:36,1:42:52,"(-7.955154479999999, -1.14737805, -1.032640245)","(22.5, 24.9, -0.6)"
522,12:30:47,1:43:3,"(-9.676221555, -0.956148375, -0.9943943099999999)","(42.6, 2.55, -17.55)"
523,12:30:58,1:43:14,"(-10.47938619, -1.30036179, -0.68842683)","(42.0, -2.55, 5.25)"
524,12:31:08,1:43:24,"(-7.80217074, -1.032640245, -1.07088618)","(41.25, -35.25, -11.25)"
525,12:31:19,1:43:35,"(-8.911302854999999, -1.1856239849999999, -1.14737805)","(37.8, 6.8999999999999995, -23.4)"
526,12:31:29,1:43:45,"(-10.670615864999998, -1.30036179, -0.7649187)","(35.1, 6.1499999999999995, 13.95)"
527,12:31:40,1:43:56,"(-10.211664644999999, -1.1856239849999999, -1.032640245)","(28.799999999999997, 20.25, -21.599999999999998)"
528,12:31:50,1:44:6,"(-8.49059757, -1.07088618, -0.879656505)","(34.8, 6.0, -31.65)"
529,12:32:01,1:44:17,"(-8.72007318, -1.032640245, -0.726672765)","(33.3, 19.349999999999998, -3.9)"
530,12:32:11,1:44:27,"(-10.32640245, -1.262115855, -1.07088618)","(46.199999999999996, -5.3999999999999995, -0.6)"
531,12:32:22,1:44:38,"(-10.135172775000001, -1.568083335, -1.07088618)","(34.5, 10.049999999999999, 14.1)"
532,12:32:33,1:44:49,"(-11.817993914999999, -1.491591465, -1.22386992)","(45.6, -20.849999999999998, -9.15)"
533,12:32:43,1:44:59,"(-9.637975619999999, -1.30036179, -0.8031646349999999)","(46.199999999999996, -12.0, -17.4)"
534,12:32:54,1:45:10,"(-8.452351635, -1.07088618, -0.84141057)","(44.85, -23.4, -1.65)"
535,12:33:04,1:45:20,"(-11.588518305000001, -1.22386992, -1.22386992)","(39.15, -27.0, -27.9)"
536,12:33:15,1:45:31,"(-9.637975619999999, -1.14737805, -0.68842683)","(30.75, -12.6, 27.45)"
537,12:33:26,1:45:42,"(-9.140778465, -1.1856239849999999, -0.420705285)","(31.95, 21.3, -2.55)"
538,12:33:36,1:45:52,"(-8.987794725, -0.956148375, -0.650180895)","(29.099999999999998, 10.2, -38.1)"
539,12:33:47,1:46:3,"(-7.49620326, -0.956148375, -0.420705285)","(30.0, 23.099999999999998, -3.4499999999999997)"
540,12:33:57,1:46:13,"(-8.108138219999999, -0.9943943099999999, -0.68842683)","(41.1, -31.049999999999997, -18.599999999999998)"
541,12:34:08,1:46:24,"(-9.217270335, -1.14737805, -0.879656505)","(40.05, -9.299999999999999, -31.5)"
542,12:34:18,1:46:34,"(-10.78535367, -1.5298374, -0.9943943099999999)","(46.35, -11.1, -14.25)"
543,12:34:29,1:46:45,"(-9.867451229999999, -1.338607725, -0.68842683)","(43.35, 9.15, -6.3)"
544,12:34:40,1:46:55,"(-7.763924804999999, -0.956148375, -0.68842683)","(46.35, -7.5, 3.15)"
545,12:34:50,1:47:6,"(-9.484991879999999, -1.07088618, -0.726672765)","(41.85, 7.8, 4.95)"
546,12:35:01,1:47:17,"(-10.938337409999999, -1.22386992, -1.109132115)","(36.15, -9.6, 25.349999999999998)"
547,12:35:11,1:47:27,"(-8.375859765, -1.14737805, -1.262115855)","(20.55, 30.299999999999997, -8.1)"
548,12:35:22,1:47:38,"(-7.6109410650000004, -0.68842683, -0.650180895)","(34.199999999999996, 4.2, 24.3)"
549,12:35:32,1:47:48,"(-6.1958414699999995, -0.8031646349999999, -0.7649187)","(39.9, -17.099999999999998, -28.95)"
550,12:35:43,1:47:59,"(-7.190235779999999, -1.07088618, -0.61193496)","(33.3, 21.45, -12.0)"
551,12:35:53,1:48:9,"(-9.332008140000001, -1.491591465, -0.9943943099999999)","(35.699999999999996, 15.899999999999999, -19.65)"
552,12:36:04,1:48:20,"(-9.79095936, -1.1856239849999999, -0.726672765)","(41.699999999999996, -11.1, 16.65)"
553,12:36:15,1:48:30,"(-10.594123995, -1.491591465, -0.84141057)","(45.6, -10.2, -16.2)"
554,12:36:25,1:48:41,"(-8.911302854999999, -1.22386992, -0.91790244)","(43.5, 7.05, -11.4)"
555,12:36:36,1:48:52,"(-9.10253253, -0.956148375, -0.726672765)","(40.949999999999996, -27.3, -21.0)"
556,12:36:46,1:49:2,"(-9.064286595, -0.9943943099999999, -0.650180895)","(46.5, -1.7999999999999998, -2.55)"
557,12:36:57,1:49:13,"(-9.637975619999999, -1.30036179, -0.53544309)","(43.35, 7.8, 3.0)"
558,12:37:07,1:49:23,"(-10.517632125, -1.4150995949999998, -0.879656505)","(40.35, 10.5, -16.95)"
559,12:37:18,1:49:34,"(-9.829205295, -1.1856239849999999, -0.84141057)","(37.949999999999996, -36.15, 4.05)"
560,12:37:28,1:49:44,"(-8.069892285, -1.109132115, -0.879656505)","(40.05, -33.449999999999996, 1.05)"
561,12:37:39,1:49:55,"(-8.56708944, -1.032640245, -0.956148375)","(43.65, -21.0, -15.0)"
562,12:37:49,1:50:5,"(-10.976583345, -1.22386992, -0.726672765)","(43.5, -21.45, 10.95)"
563,12:38:00,1:50:16,"(-9.332008140000001, -1.14737805, -1.07088618)","(40.05, 5.7, 20.099999999999998)"
564,12:38:11,1:50:27,"(-10.32640245, -1.22386992, -0.91790244)","(40.05, 10.049999999999999, 15.299999999999999)"
565,12:38:21,1:50:37,"(-9.637975619999999, -0.84141057, -1.032640245)","(48.449999999999996, -8.1, -4.05)"
566,12:38:32,1:50:48,"(-9.523237815, -1.22386992, -0.879656505)","(43.5, 0.44999999999999996, 15.75)"
567,12:38:42,1:50:58,"(-7.534449195, -0.956148375, -0.45895122)","(46.8, -1.3499999999999999, 3.75)"
568,12:38:53,1:51:9,"(-8.987794725, -1.1856239849999999, -0.53544309)","(46.199999999999996, -16.2, 3.5999999999999996)"
569,12:39:06,1:51:22,"(-7.840416675, -1.07088618, -0.7649187)","(34.35, -22.05, -29.549999999999997)"
570,12:39:16,1:51:32,"(-8.681827245, -1.07088618, -0.726672765)","(34.8, 7.949999999999999, 27.3)"
571,12:39:27,1:51:43,"(-8.64358131, -1.30036179, -0.7649187)","(38.1, 16.65, 12.9)"
572,12:39:38,1:51:54,"(-9.446745945, -1.14737805, -0.84141057)","(40.5, -8.4, 21.9)"
573,12:39:48,1:52:4,"(-8.987794725, -1.032640245, -0.91790244)","(44.699999999999996, -13.95, 16.05)"
574,12:39:59,1:52:15,"(-6.387071144999999, -0.956148375, -0.573689025)","(43.35, -24.45, -13.2)"
575,12:40:09,1:52:25,"(-8.069892285, -0.879656505, -0.68842683)","(45.75, -4.05, 12.9)"
576,12:40:20,1:52:36,"(-10.058680905000001, -1.1856239849999999, -0.726672765)","(43.5, -24.0, 11.7)"
577,12:40:31,1:52:47,"(-10.173418709999998, -1.07088618, -0.7649187)","(30.75, 26.7, -12.9)"
578,12:40:41,1:52:57,"(-8.03164635, -0.91790244, -0.7649187)","(32.25, 21.0, -19.8)"
579,12:40:52,1:53:8,"(-7.6874329349999995, -1.109132115, -0.7649187)","(38.4, -20.55, 22.95)"
580,12:41:02,1:53:18,"(-10.594123995, -1.37685366, -0.956148375)","(32.25, 25.65, 5.1)"
581,12:41:13,1:53:29,"(-9.867451229999999, -0.9943943099999999, -0.726672765)","(38.55, 6.0, -23.55)"
582,12:41:23,1:53:39,"(-9.56148375, -1.1856239849999999, -0.7649187)","(43.65, -11.549999999999999, 19.95)"
583,12:41:34,1:53:50,"(-10.517632125, -1.1856239849999999, -0.879656505)","(45.75, 2.55, -12.9)"
584,12:41:44,1:54:0,"(-10.55587806, -0.9943943099999999, -1.22386992)","(48.3, -4.05, -2.6999999999999997)"
585,12:41:55,1:54:11,"(-8.26112196, -0.956148375, -0.68842683)","(46.35, 6.6, -4.05)"
586,12:42:05,1:54:21,"(-8.4141057, -1.14737805, -0.7649187)","(45.0, -1.05, 18.9)"
587,12:42:16,1:54:32,"(-9.10253253, -1.109132115, -0.879656505)","(47.55, -12.0, 6.6)"
588,12:42:26,1:54:42,"(-9.676221555, -1.262115855, -0.956148375)","(44.55, 9.9, 1.5)"
589,12:42:37,1:54:53,"(-8.605335375, -1.14737805, -0.68842683)","(46.05, -6.8999999999999995, 14.85)"
590,12:42:48,1:55:3,"(-7.763924804999999, -0.91790244, -0.650180895)","(46.199999999999996, -16.5, 4.8)"
591,12:42:58,1:55:14,"(-10.02043497, -1.262115855, -0.9943943099999999)","(42.449999999999996, 7.6499999999999995, -14.399999999999999)"
592,12:43:09,1:55:25,"(-11.206058955000001, -1.22386992, -0.9943943099999999)","(42.9, 9.75, 15.75)"
593,12:43:19,1:55:35,"(-11.206058955000001, -1.37685366, -0.879656505)","(38.25, -19.2, 26.7)"
594,12:43:30,1:55:46,"(-9.9439431, -1.109132115, -0.7649187)","(37.65, -25.5, 22.349999999999998)"
595,12:43:40,1:55:56,"(-8.987794725, -1.109132115, -0.68842683)","(32.4, 20.7, 25.2)"
596,12:43:51,1:56:7,"(-8.18463009, -0.9943943099999999, -0.7649187)","(41.85, 13.5, -9.75)"
597,12:44:01,1:56:17,"(-7.763924804999999, -1.07088618, -0.8031646349999999)","(43.5, -21.75, 14.549999999999999)"
598,12:44:12,1:56:28,"(-8.94954879, -1.07088618, -0.650180895)","(31.2, 27.599999999999998, 15.0)"
599,12:44:22,1:56:38,"(-10.441140255, -1.1856239849999999, -0.84141057)","(44.4, -6.75, -15.75)"
600,12:44:33,1:56:49,"(-10.632369930000001, -1.14737805, -1.032640245)","(45.3, -16.349999999999998, -8.85)"
601,12:44:44,1:57:0,"(-9.905697165000001, -1.14737805, -0.879656505)","(35.699999999999996, 16.8, 26.099999999999998)"
602,12:44:54,1:57:10,"(-9.905697165000001, -1.22386992, -0.84141057)","(45.75, -18.75, -1.2)"
603,12:45:05,1:57:21,"(-9.10253253, -1.1856239849999999, -0.726672765)","(42.6, 5.25, -17.25)"
604,12:45:15,1:57:31,"(-6.616546754999999, -0.91790244, -0.573689025)","(36.0, -2.55, 34.8)"
605,12:45:26,1:57:42,"(-8.64358131, -0.9943943099999999, -0.650180895)","(44.85, -11.85, 19.05)"
606,12:45:37,1:57:53,"(-8.222876025, -0.9943943099999999, -0.726672765)","(44.55, -10.049999999999999, -14.25)"
607,12:45:48,1:58:4,"(-8.299367895, -1.07088618, -0.7649187)","(42.3, -2.1, 26.849999999999998)"
608,12:45:58,1:58:14,"(-8.222876025, -1.032640245, -0.7649187)","(46.949999999999996, -14.1, 1.05)"
609,12:46:09,1:58:25,"(-8.528843505, -1.109132115, -0.7649187)","(46.8, 7.8, -0.6)"
610,12:46:19,1:58:35,"(0.45895122, -0.30596748, -0.22947561)","(47.1, -5.3999999999999995, 16.5)"
611,12:46:30,1:58:46,"(-7.11374391, -1.5298374, 1.37685366)","(32.55, 22.349999999999998, -19.349999999999998)"
612,12:46:40,1:58:56,"(-9.064286595, -1.83580488, -3.327396345)","(46.949999999999996, -9.299999999999999, 14.7)"
613,12:46:51,1:59:7,"(-10.976583345, -2.562477645, -4.933725614999999)","(47.85, -0.75, 5.3999999999999995)"
614,12:47:02,1:59:18,"(-12.92712603, -0.84141057, -2.638969515)","(37.65, -22.05, -21.75)"
615,12:47:12,1:59:28,"(-7.457957325, -0.573689025, 0.38245935)","(42.75, 11.4, 15.899999999999999)"
616,12:47:23,1:59:39,"(-8.337613829999999, -0.267721545, -1.6063292699999998)","(34.05, -8.85, 38.25)"
617,12:47:33,1:59:49,"(-9.982189035, -2.67721545, -1.874050815)","(27.9, -19.349999999999998, 35.85)"
618,12:47:44,2:0:0,"(-8.18463009, -3.28915041, -0.956148375)","(43.949999999999996, -13.799999999999999, -16.95)"
619,12:47:54,2:0:10,"(-9.637975619999999, -5.660398379999999, -1.338607725)","(44.699999999999996, -3.15, 15.6)"
620,12:48:05,2:0:21,"(-9.752713425, -1.1856239849999999, -0.9943943099999999)","(23.4, 31.049999999999997, -11.7)"
621,12:48:15,2:0:31,"(-7.763924804999999, 1.30036179, -0.45895122)","(42.449999999999996, 13.2, 2.6999999999999997)"
622,12:48:26,2:0:42,"(-9.1790244, -3.51862602, 1.9887886199999998)","(29.25, -13.799999999999999, -38.4)"
623,12:48:37,2:0:52,"(-11.817993914999999, -0.267721545, -2.90669106)","(45.6, 5.85, -0.15)"
624,12:48:47,2:1:3,"(-13.845028469999999, 2.4094939049999997, -5.316184965000001)","(46.949999999999996, -12.0, 1.95)"
625,12:48:58,2:1:13,"(-7.03725204, -2.485985775, 2.485985775)","(23.4, 23.55, -27.15)"
626,12:49:08,2:1:24,"(-2.868445125, -3.9775772399999996, 5.545660575)","(45.15, 4.95, -4.35)"
627,12:49:19,2:1:35,"(-12.659404485, 4.0540691099999995, -4.551266265)","(34.199999999999996, 16.05, -21.45)"
628,12:49:29,2:1:45,"(-10.747107734999998, -0.8031646349999999, -3.250904475)","(25.8, 14.25, 23.4)"
629,12:49:40,2:1:56,"(-11.665010175, -2.4094939049999997, -3.633363825)","(39.9, -5.3999999999999995, -28.799999999999997)"
630,12:49:50,2:2:6,"(-10.24991058, -4.13056098, -2.3712479699999998)","(17.55, 29.549999999999997, -16.8)"
631,12:50:01,2:2:17,"(-8.79656505, -0.038245935, -0.879656505)","(38.25, -38.55, -8.25)"
632,12:50:12,2:2:27,"(-11.320796759999999, -1.338607725, -2.944936995)","(35.55, -26.849999999999998, 14.7)"
633,12:50:22,2:2:38,"(-11.970977655, -2.180018295, -3.633363825)","(32.25, -4.05, 18.0)"
634,12:50:33,2:2:49,"(-10.40289432, 5.4691687049999995, 0.30596748)","(44.55, -26.849999999999998, -15.299999999999999)"
635,12:50:43,2:2:59,"(-8.605335375, -3.13616667, -0.114737805)","(45.75, -19.95, -19.349999999999998)"
636,12:50:54,2:3:10,"(-11.62676424, -1.032640245, -4.43652846)","(10.5, 19.2, 17.099999999999998)"
637,12:51:04,2:3:20,"(-9.71446749, -1.109132115, 0.420705285)","(27.0, -26.849999999999998, 21.9)"
638,12:51:15,2:3:31,"(-10.7088618, -0.9943943099999999, -0.68842683)","(14.85, 0.3, -49.35)"
639,12:51:26,2:3:41,"(-10.441140255, -0.191229675, 0.91790244)","(40.5, -20.099999999999998, -35.699999999999996)"
640,12:51:36,2:3:52,"(-8.987794725, -0.726672765, -1.568083335)","(43.949999999999996, -17.25, -24.3)"
641,12:51:47,2:4:3,"(-4.015823175, 0.038245935, -2.715461385)","(40.05, -35.55, -25.5)"
642,12:51:57,2:4:13,"(-10.441140255, 2.256510165, -1.14737805)","(31.049999999999997, -19.5, -50.25)"
643,12:52:08,2:4:24,"(-11.85623985, -4.092315045, -1.9887886199999998)","(44.699999999999996, -12.75, -20.4)"
644,12:52:18,2:4:34,"(-11.894485784999999, -1.91229675, -4.015823175)","(29.549999999999997, 15.149999999999999, -19.05)"
645,12:52:29,2:4:45,"(-11.817993914999999, 1.338607725, -2.3330020350000003)","(24.9, -54.3, -10.35)"
646,12:52:40,2:4:55,"(-3.174412605, 0.344213415, -3.327396345)","(10.95, -51.449999999999996, 7.5)"
647,12:52:50,2:5:6,"(-11.359042695, -0.53544309, -2.715461385)","(18.75, -53.85, 0.0)"
648,12:53:01,2:5:17,"(-10.40289432, 0.15298374, -2.0270345549999997)","(26.7, -54.0, -18.75)"
649,12:53:11,2:5:27,"(-10.441140255, -0.114737805, -6.50180895)","(33.0, -16.349999999999998, 8.7)"
650,12:53:22,2:5:38,"(-8.56708944, -3.250904475, -1.7975589449999998)","(10.65, 16.2, 3.4499999999999997)"
651,12:53:33,2:5:48,"(-12.08571546, -0.114737805, -8.222876025)","(28.349999999999998, -34.5, -53.4)"
652,12:53:43,2:5:59,"(-7.87866261, -0.07649187, -5.086709354999999)","(40.949999999999996, -33.9, -17.25)"
653,12:53:54,2:6:10,"(-10.976583345, -0.420705285, -2.14177236)","(23.4, -36.9, -57.0)"
654,12:54:05,2:6:20,"(-10.288156514999999, -4.321790655, -1.45334553)","(6.8999999999999995, 23.099999999999998, -28.95)"
655,12:54:15,2:6:31,"(-10.594123995, 0.573689025, -5.50741464)","(25.2, 12.6, -11.85)"
656,12:54:26,2:6:41,"(-8.375859765, 0.53544309, 0.344213415)","(14.549999999999999, -54.449999999999996, 1.2)"
657,12:54:36,2:6:52,"(-8.56708944, -0.267721545, -3.8245935)","(39.3, -39.449999999999996, -17.7)"
658,12:54:47,2:7:3,"(-9.064286595, -0.038245935, -3.556871955)","(42.9, -15.75, -25.5)"
659,12:54:57,2:7:13,"(-10.55587806, -0.38245935, -4.5895122)","(17.25, -21.3, 17.25)"
660,12:55:08,2:7:24,"(-11.77974798, 1.9887886199999998, -3.556871955)","(31.349999999999998, -18.45, 5.55)"
661,12:55:19,2:7:34,"(-8.681827245, 2.60072358, -9.140778465)","(40.05, -30.45, -12.0)"
662,12:55:29,2:7:45,"(-10.594123995, 0.91790244, -8.758319115)","(38.25, -30.15, -32.699999999999996)"
663,12:55:40,2:7:56,"(-7.26672765, -1.7210670750000001, -0.956148375)","(38.55, -36.0, -10.799999999999999)"
664,12:55:50,2:8:6,"(-8.452351635, -1.338607725, -4.857233745)","(37.5, -3.3, -13.65)"
665,12:56:01,2:8:17,"(-7.228481715, 0.91790244, -7.381465454999999)","(34.65, -7.949999999999999, -3.75)"
666,12:56:11,2:8:27,"(-10.7088618, -0.61193496, -2.485985775)","(22.2, -29.549999999999997, 11.7)"
667,12:56:22,2:8:38,"(-7.151989844999999, -0.8031646349999999, -4.780741875)","(29.549999999999997, 4.5, -23.55)"
668,12:56:32,2:8:48,"(-7.49620326, -0.726672765, -6.9225142349999995)","(15.45, 18.9, -24.9)"
669,12:56:43,2:8:59,"(-8.03164635, -0.114737805, -5.81338212)","(33.3, -0.3, -40.199999999999996)"
670,12:56:53,2:9:9,"(-11.39728863, -2.44773984, -1.7210670750000001)","(38.4, -8.549999999999999, -11.85)"
671,12:57:04,2:9:20,"(-9.370254075, -0.15298374, -4.5895122)","(34.5, -1.65, -36.15)"
672,12:57:15,2:9:31,"(-7.57269513, -1.22386992, -0.956148375)","(39.3, -14.549999999999999, -42.449999999999996)"
673,12:57:25,2:9:41,"(-8.87305692, -0.84141057, -1.5298374)","(39.9, -38.699999999999996, -28.2)"
674,12:57:36,2:9:52,"(-8.911302854999999, -0.91790244, -5.04846342)","(32.55, -6.6, -48.6)"
675,12:57:46,2:10:2,"(-8.337613829999999, -0.30596748, -2.90669106)","(32.699999999999996, 0.6, -32.85)"
676,12:57:57,2:10:13,"(-11.4737805, -2.2947561, -2.21826423)","(30.599999999999998, 1.2, -43.05)"
677,12:58:07,2:10:23,"(-7.725678869999999, -1.032640245, -3.4421341500000002)","(30.299999999999997, -8.549999999999999, -52.35)"
678,12:58:18,2:10:34,"(-10.594123995, 1.5298374, -7.419711390000001)","(40.5, -33.449999999999996, -19.8)"
679,12:58:29,2:10:44,"(-10.24991058, -0.726672765, -2.0270345549999997)","(41.4, -15.149999999999999, -24.15)"
680,12:58:39,2:10:55,"(-9.370254075, 0.726672765, -4.6660040700000005)","(36.6, -37.8, -10.65)"
681,12:58:50,2:11:6,"(-7.6874329349999995, -1.07088618, -5.3544309)","(40.949999999999996, -15.149999999999999, -27.599999999999998)"
682,12:59:01,2:11:16,"(-7.80217074, 0.07649187, -2.715461385)","(23.7, -59.55, -28.5)"
683,12:59:11,2:11:27,"(-9.140778465, 0.22947561, -7.6109410650000004)","(27.45, -12.75, 4.2)"
684,12:59:22,2:11:38,"(-10.364648384999999, 1.338607725, -6.8842683000000005)","(41.699999999999996, -24.599999999999998, -19.65)"
685,12:59:32,2:11:48,"(-8.834810985, -0.038245935, -2.485985775)","(25.349999999999998, -6.3, 4.2)"
686,12:59:43,2:11:59,"(-8.528843505, 0.15298374, -5.58390651)","(34.65, -23.25, -51.0)"
687,12:59:54,2:12:9,"(-8.337613829999999, 2.67721545, -9.56148375)","(33.6, -0.15, -12.75)"
688,13:00:04,2:12:20,"(-6.73128456, -0.267721545, -2.485985775)","(36.75, -8.85, -8.4)"
689,13:00:15,2:12:30,"(-9.9439431, -0.114737805, -2.75370732)","(27.75, -50.4, -7.05)"
690,13:00:25,2:12:41,"(-9.79095936, 0.49719715499999995, -9.599729685)","(20.849999999999998, 13.2, -20.099999999999998)"
691,13:00:36,2:12:52,"(-10.173418709999998, -1.07088618, 0.879656505)","(23.25, -19.05, -61.949999999999996)"
692,13:00:46,2:13:2,"(-7.87866261, 0.344213415, -3.250904475)","(35.55, -47.85, -15.899999999999999)"
693,13:00:57,2:13:13,"(-9.25551627, 0.0, -6.27233334)","(30.9, 7.8, -25.05)"
694,13:01:07,2:13:23,"(-8.03164635, -0.038245935, -4.780741875)","(38.55, -36.449999999999996, 4.5)"
695,13:01:18,2:13:34,"(-10.86184554, -1.07088618, -2.944936995)","(32.85, 5.85, -21.3)"
696,13:01:29,2:13:44,"(-8.605335375, -0.726672765, -5.316184965000001)","(35.85, -6.3, -2.1)"
697,13:01:39,2:13:55,"(-10.288156514999999, 0.7649187, -7.304973585)","(37.199999999999996, 0.44999999999999996, -12.9)"
698,13:01:50,2:14:6,"(-8.299367895, 0.038245935, -0.61193496)","(38.55, -5.7, -36.0)"
699,13:02:00,2:14:16,"(-7.381465454999999, 0.07649187, -2.14177236)","(43.8, -19.5, -29.25)"
700,13:02:11,2:14:27,"(-7.916908544999999, -3.0979207349999998, -5.239693095)","(34.35, 4.35, -8.1)"
701,13:02:21,2:14:37,"(-8.337613829999999, -0.91790244, -3.327396345)","(42.75, -19.5, -33.6)"
702,13:02:32,2:14:48,"(-9.982189035, -3.0596748, -2.103526425)","(22.5, 1.3499999999999999, 15.0)"
703,13:02:43,2:14:58,"(-10.288156514999999, -0.38245935, -1.83580488)","(39.3, -36.449999999999996, -3.3)"
704,13:02:53,2:15:9,"(-9.637975619999999, 0.726672765, -2.21826423)","(43.8, -13.5, -4.35)"
705,13:03:04,2:15:19,"(-8.911302854999999, -0.956148375, -0.8031646349999999)","(41.699999999999996, -27.45, -0.44999999999999996)"
706,13:03:14,2:15:30,"(-10.173418709999998, 0.114737805, -2.638969515)","(40.8, -2.6999999999999997, -3.4499999999999997)"
707,13:03:25,2:15:41,"(-8.72007318, -1.262115855, -3.4803800849999997)","(37.05, -9.299999999999999, 9.75)"
708,13:03:35,2:15:51,"(-8.64358131, -2.485985775, -0.15298374)","(35.25, 6.45, -28.799999999999997)"
709,13:03:46,2:16:2,"(-9.79095936, -2.14177236, -3.021428865)","(42.3, -23.7, -34.35)"
710,13:03:56,2:16:12,"(-8.79656505, -0.68842683, -4.015823175)","(38.25, -12.299999999999999, 12.0)"
711,13:04:07,2:16:23,"(-8.26112196, -0.53544309, -0.22947561)","(38.1, -5.3999999999999995, -34.8)"
712,13:04:18,2:16:33,"(-9.10253253, 0.191229675, -2.638969515)","(42.0, -31.2, -7.5)"
713,13:04:28,2:16:44,"(-9.484991879999999, 0.30596748, -4.857233745)","(36.9, -18.599999999999998, 16.5)"
714,13:04:39,2:16:55,"(-8.911302854999999, -1.109132115, -0.8031646349999999)","(39.75, -37.65, -22.95)"
715,13:04:49,2:17:5,"(-9.332008140000001, -0.38245935, -0.650180895)","(44.1, -11.85, -0.8999999999999999)"
716,13:05:00,2:17:16,"(-9.370254075, -0.8031646349999999, -3.67160976)","(43.05, -20.7, -21.9)"
717,13:05:11,2:17:26,"(-8.337613829999999, -1.262115855, -3.174412605)","(44.85, -23.25, -22.2)"
718,13:05:21,2:17:37,"(-8.26112196, -2.3330020350000003, -1.91229675)","(42.15, -4.95, -28.799999999999997)"
719,13:05:32,2:17:47,"(-8.56708944, -0.45895122, -0.726672765)","(40.199999999999996, -17.7, 14.549999999999999)"
720,13:05:42,2:17:58,"(-9.484991879999999, 0.30596748, -2.8301991899999996)","(44.4, -1.5, -11.549999999999999)"
721,13:05:53,2:18:9,"(-8.72007318, -0.45895122, -0.7649187)","(40.8, -34.35, -18.599999999999998)"
722,13:06:03,2:18:19,"(-10.747107734999998, -0.879656505, -1.91229675)","(30.9, 19.349999999999998, 2.6999999999999997)"
723,13:06:14,2:18:30,"(-11.244304889999999, -0.038245935, -4.321790655)","(47.4, -12.15, -12.9)"
724,13:06:24,2:18:40,"(-6.769530495, 0.650180895, -3.13616667)","(27.9, -29.549999999999997, 28.799999999999997)"
725,13:06:35,2:18:51,"(-9.446745945, -0.22947561, -3.4803800849999997)","(40.8, -15.6, 18.9)"
726,13:06:46,2:19:1,"(-7.80217074, -1.5298374, -1.109132115)","(45.6, 0.6, 2.25)"
727,13:06:56,2:19:12,"(-10.747107734999998, -1.032640245, -1.950542685)","(45.3, -12.45, 12.0)"
728,13:07:07,2:19:23,"(-7.840416675, -0.38245935, -5.27793903)","(23.25, 29.7, -1.2)"
729,13:07:17,2:19:33,"(-8.299367895, -1.109132115, -5.660398379999999)","(46.05, -12.75, 10.5)"
730,13:07:28,2:19:44,"(-8.605335375, -0.07649187, -0.15298374)","(44.1, 5.7, -8.85)"
731,13:07:39,2:19:54,"(-6.73128456, -0.420705285, -2.8301991899999996)","(44.85, -14.25, 13.799999999999999)"
732,13:07:49,2:20:5,"(-8.911302854999999, -0.726672765, -0.61193496)","(42.0, -31.65, -10.049999999999999)"
733,13:08:00,2:20:16,"(-8.49059757, -0.45895122, -1.45334553)","(45.9, -22.5, -7.949999999999999)"
734,13:08:10,2:20:26,"(-9.752713425, 1.83580488, -4.36003659)","(40.35, -32.25, -3.15)"
735,13:08:23,2:20:39,"(-8.605335375, -1.6063292699999998, -1.75931301)","(35.1, 19.65, 12.9)"
736,13:08:34,2:20:49,"(-8.299367895, -2.3712479699999998, -0.9943943099999999)","(45.0, -24.75, 9.15)"
737,13:08:44,2:21:0,"(-9.637975619999999, 0.573689025, -3.5951178899999996)","(45.15, 3.0, -13.95)"
738,13:08:55,2:21:10,"(-6.65479269, -1.7975589449999998, 1.262115855)","(33.6, 23.099999999999998, 11.4)"
739,13:09:05,2:21:21,"(-10.288156514999999, 0.15298374, -1.874050815)","(40.65, 10.65, 14.399999999999999)"
740,13:09:16,2:21:32,"(-9.446745945, -1.109132115, -2.4094939049999997)","(44.4, -13.799999999999999, -17.4)"
741,13:09:26,2:21:42,"(-7.725678869999999, -0.573689025, -3.90108537)","(48.6, -3.4499999999999997, 6.1499999999999995)"
742,13:09:37,2:21:53,"(-11.93273172, -1.14737805, -3.74810163)","(39.3, 1.2, -23.55)"
743,13:09:48,2:22:3,"(-10.058680905000001, -0.8031646349999999, -0.8031646349999999)","(34.65, -1.7999999999999998, -27.75)"
744,13:09:58,2:22:14,"(-10.135172775000001, 0.267721545, -4.28354472)","(49.199999999999996, -7.5, 9.45)"
745,13:10:09,2:22:24,"(-9.484991879999999, 0.267721545, -5.239693095)","(30.9, -12.6, 39.75)"
746,13:10:19,2:22:35,"(-9.867451229999999, -0.420705285, -1.7975589449999998)","(41.699999999999996, 18.3, 8.7)"
747,13:10:30,2:22:46,"(-8.681827245, -1.22386992, -0.650180895)","(42.6, -29.549999999999997, 2.1)"
748,13:10:40,2:22:56,"(-10.900091475, -1.644575205, -3.67160976)","(40.199999999999996, 12.75, 26.25)"
749,13:10:51,2:23:7,"(-9.982189035, 0.114737805, -3.0979207349999998)","(44.699999999999996, 3.75, -11.25)"
750,13:11:01,2:23:17,"(-8.911302854999999, -0.8031646349999999, -2.06528049)","(39.0, 11.1, -17.4)"
751,13:11:12,2:23:28,"(-9.293762205, -1.338607725, -0.84141057)","(36.0, 22.95, -10.049999999999999)"
752,13:11:23,2:23:38,"(-8.87305692, -0.956148375, -1.950542685)","(34.949999999999996, -24.45, -21.3)"
753,13:11:33,2:23:49,"(-7.955154479999999, 0.650180895, -2.180018295)","(42.3, -26.849999999999998, -4.6499999999999995)"
754,13:11:44,2:24:0,"(-9.867451229999999, 0.0, -1.4150995949999998)","(47.25, 1.3499999999999999, -6.1499999999999995)"
755,13:11:54,2:24:10,"(-8.834810985, -0.7649187, -2.180018295)","(43.5, -2.85, 29.25)"
756,13:12:05,2:24:21,"(-7.534449195, 0.22947561, -4.321790655)","(48.0, -17.4, 9.75)"
757,13:12:16,2:24:31,"(-9.867451229999999, -0.68842683, -3.5951178899999996)","(43.05, 7.5, -9.45)"
758,13:12:26,2:24:42,"(-7.80217074, -0.726672765, 1.109132115)","(43.8, -22.8, 11.7)"
759,13:12:37,2:24:53,"(-9.140778465, -1.338607725, -4.168806914999999)","(45.9, -17.849999999999998, 17.7)"
760,13:12:47,2:25:3,"(-10.40289432, -0.84141057, -3.021428865)","(36.6, 9.15, 39.449999999999996)"
761,13:12:58,2:25:14,"(-7.419711390000001, 0.07649187, 0.267721545)","(45.0, -12.0, -10.5)"
762,13:13:08,2:25:24,"(-9.02604066, -0.726672765, -1.7975589449999998)","(48.3, -1.7999999999999998, -0.3)"
763,13:13:19,2:25:35,"(-7.228481715, -0.45895122, -1.950542685)","(43.8, 15.45, -2.6999999999999997)"
764,13:13:30,2:25:46,"(-7.304973585, 0.038245935, 0.573689025)","(33.9, 27.3, -6.45)"
765,13:13:40,2:25:56,"(-8.64358131, -2.2947561, -0.344213415)","(43.65, -13.35, -12.45)"
766,13:13:51,2:26:7,"(-8.987794725, 0.22947561, -2.180018295)","(47.25, -18.3, 2.25)"
767,13:14:02,2:26:17,"(-10.058680905000001, -1.5298374, -5.239693095)","(38.55, 26.4, 2.1)"
768,13:14:12,2:26:28,"(-8.94954879, -0.344213415, -0.22947561)","(46.199999999999996, -0.8999999999999999, -7.8)"
769,13:14:23,2:26:39,"(-8.56708944, 0.30596748, -1.5298374)","(42.3, 9.9, 34.05)"
770,13:14:34,2:26:49,"(-8.987794725, -0.267721545, -1.491591465)","(42.449999999999996, -20.4, -7.8)"
771,13:14:44,2:27:0,"(-8.94954879, -0.038245935, -2.103526425)","(46.199999999999996, 10.049999999999999, -3.4499999999999997)"
772,13:14:55,2:27:11,"(-10.135172775000001, -1.032640245, -1.22386992)","(49.35, -10.65, 17.25)"
773,13:15:05,2:27:21,"(-10.632369930000001, -0.267721545, -1.644575205)","(42.449999999999996, 18.9, -4.6499999999999995)"
774,13:15:16,2:27:32,"(-8.94954879, -0.07649187, -2.44773984)","(45.15, 20.55, 9.15)"
775,13:15:26,2:27:42,"(-9.446745945, -1.262115855, -1.5298374)","(45.449999999999996, 9.45, -6.45)"
776,13:15:37,2:27:53,"(-9.332008140000001, -1.7975589449999998, -0.879656505)","(39.0, 29.25, 20.25)"
777,13:15:48,2:28:3,"(-10.32640245, -0.45895122, -3.8628394349999997)","(26.25, 35.55, 34.5)"
778,13:15:58,2:28:14,"(-7.993400415, -0.45895122, -3.51862602)","(48.6, 9.0, 23.4)"
779,13:16:09,2:28:24,"(-8.79656505, -0.956148375, -1.109132115)","(36.3, 5.25, 46.65)"
780,13:16:19,2:28:35,"(-8.834810985, 0.114737805, -2.8301991899999996)","(46.05, -16.95, 29.099999999999998)"
781,13:16:32,2:28:48,"(-9.446745945, -0.038245935, -3.51862602)","(46.199999999999996, -10.95, 27.9)"
782,13:16:43,2:28:59,"(-8.375859765, -0.84141057, -3.021428865)","(47.4, -5.1, 3.9)"
783,13:16:53,2:29:9,"(-8.987794725, -0.420705285, -0.49719715499999995)","(43.35, 25.05, 7.05)"
784,13:17:04,2:29:20,"(-8.681827245, 0.038245935, -2.562477645)","(42.6, 10.95, 39.6)"
785,13:17:15,2:29:30,"(-9.02604066, -0.344213415, -1.45334553)","(45.3, -11.85, 0.0)"
786,13:17:25,2:29:41,"(-10.09692684, -1.83580488, -0.9943943099999999)","(45.449999999999996, 8.549999999999999, 33.75)"
787,13:17:36,2:29:51,"(-8.64358131, 0.07649187, -1.75931301)","(45.449999999999996, 13.2, -1.3499999999999999)"
788,13:17:46,2:30:2,"(-8.94954879, -1.14737805, -3.250904475)","(39.6, 30.599999999999998, 24.75)"
789,13:17:57,2:30:13,"(-10.441140255, -0.38245935, -2.75370732)","(43.5, 20.849999999999998, -2.4)"
790,13:18:08,2:30:23,"(-8.834810985, -0.84141057, -0.650180895)","(41.1, 28.65, 25.349999999999998)"
791,13:18:18,2:30:34,"(-8.56708944, -1.07088618, -1.07088618)","(46.5, -12.0, 8.7)"
792,13:18:29,2:30:45,"(-8.528843505, 0.38245935, -3.67160976)","(38.4, 1.95, 47.25)"
793,13:18:39,2:30:55,"(-9.56148375, 0.0, -2.715461385)","(46.199999999999996, 3.5999999999999996, 2.25)"
794,13:18:50,2:31:6,"(-9.71446749, 0.650180895, -2.485985775)","(33.15, -28.05, 31.5)"
795,13:19:01,2:31:16,"(-8.452351635, -1.37685366, 0.267721545)","(39.75, -19.65, -0.15)"
796,13:19:11,2:31:27,"(-9.905697165000001, -0.114737805, -3.8628394349999997)","(46.949999999999996, -2.55, 34.949999999999996)"
797,13:19:22,2:31:38,"(-8.26112196, 0.267721545, -3.327396345)","(44.4, 24.75, 22.65)"
798,13:19:32,2:31:48,"(-8.528843505, -1.30036179, -1.37685366)","(40.5, 27.3, 33.15)"
799,13:19:43,2:31:59,"(-9.752713425, -1.07088618, -2.2947561)","(44.4, 25.65, 27.599999999999998)"
800,13:19:54,2:32:9,"(-10.058680905000001, -0.91790244, -2.3330020350000003)","(47.85, -11.1, 16.2)"
801,13:20:04,2:32:20,"(-9.332008140000001, -0.91790244, -0.650180895)","(44.4, -17.25, 11.4)"
802,13:20:15,2:32:31,"(-9.982189035, -0.344213415, -5.12495529)","(49.35, -5.55, 15.45)"
803,13:20:25,2:32:41,"(-8.64358131, -1.07088618, -0.344213415)","(40.05, 33.449999999999996, 15.299999999999999)"
804,13:20:36,2:32:52,"(-9.1790244, -0.53544309, -0.726672765)","(42.9, -17.849999999999998, 7.199999999999999)"
805,13:20:46,2:33:2,"(-11.320796759999999, -0.30596748, -3.327396345)","(30.75, -9.0, 53.25)"
806,13:20:57,2:33:13,"(-8.681827245, -1.338607725, -3.250904475)","(50.4, 7.6499999999999995, 12.0)"
807,13:21:08,2:33:23,"(-10.02043497, -0.726672765, -1.338607725)","(40.05, 34.8, 24.15)"
808,13:21:18,2:33:34,"(-8.337613829999999, -0.420705285, -1.644575205)","(46.199999999999996, -1.2, -0.75)"
809,13:21:32,2:33:48,"(-9.599729685, -0.726672765, -2.90669106)","(41.55, 33.0, 15.0)"
810,13:21:43,2:33:58,"(-9.40850001, -0.38245935, -1.30036179)","(45.0, -7.8, 2.85)"
811,13:21:53,2:34:9,"(-10.670615864999998, -0.84141057, -1.7975589449999998)","(49.5, 9.0, 27.9)"
812,13:22:04,2:34:20,"(-9.25551627, -0.8031646349999999, -1.644575205)","(47.25, -11.25, 17.4)"
813,13:22:15,2:34:30,"(-8.452351635, 0.191229675, -2.944936995)","(46.8, -3.75, 33.9)"
814,13:22:25,2:34:41,"(-9.599729685, 0.573689025, -3.36564228)","(46.8, -7.199999999999999, 27.45)"
815,13:22:36,2:34:52,"(-8.49059757, -0.15298374, -0.726672765)","(40.8, 36.3, 19.349999999999998)"
816,13:22:47,2:35:2,"(-9.446745945, 0.07649187, -3.939331305)","(39.75, -19.05, 29.849999999999998)"
817,13:22:57,2:35:13,"(-11.55027237, -0.9943943099999999, -2.14177236)","(47.55, 9.45, 36.0)"
818,13:23:08,2:35:23,"(-10.24991058, -0.8031646349999999, -2.60072358)","(48.15, 18.45, 10.049999999999999)"
819,13:23:18,2:35:34,"(-8.94954879, 0.420705285, -5.239693095)","(36.75, 1.3499999999999999, 54.15)"
820,13:23:29,2:35:45,"(-8.834810985, 0.8031646349999999, -7.26672765)","(35.699999999999996, 31.349999999999998, 48.75)"
821,13:23:39,2:35:55,"(-10.900091475, -0.49719715499999995, -3.13616667)","(49.05, 3.5999999999999996, 8.85)"
822,13:23:50,2:36:6,"(-10.24991058, -1.874050815, -1.7975589449999998)","(42.449999999999996, 24.9, -0.44999999999999996)"
823,13:24:02,2:36:17,"(-10.32640245, 0.68842683, -4.51302033)","(44.55, 32.85, 31.349999999999998)"
824,13:24:12,2:36:28,"(-9.829205295, -2.4094939049999997, -1.68282114)","(30.75, 48.6, 14.1)"
825,13:24:23,2:36:39,"(-0.191229675, 9.484991879999999, -0.07649187)","(14.85, -30.45, 39.0)"
826,13:24:34,2:36:50,"(-0.15298374, 9.637975619999999, -0.15298374)","(14.7, -29.7, 38.699999999999996)"
827,13:24:44,2:37:0,"(-0.114737805, 9.56148375, -0.07649187)","(14.25, -29.849999999999998, 38.55)"
828,13:24:55,2:37:11,"(-0.15298374, 9.637975619999999, -0.07649187)","(13.65, -29.25, 39.9)"
829,13:25:06,2:37:22,"(-8.72007318, -1.109132115, -0.22947561)","(42.75, 31.95, 23.099999999999998)"
830,13:25:16,2:37:32,"(-8.18463009, -2.2947561, -4.704250005)","(24.3, 31.65, 57.75)"
831,13:25:27,2:37:43,"(-10.09692684, -1.91229675, -1.30036179)","(39.0, 11.4, 50.1)"
832,13:25:38,2:37:54,"(-11.320796759999999, -2.562477645, -1.7210670750000001)","(29.849999999999998, 48.6, 36.15)"
833,13:25:48,2:38:4,"(2.256510165, -9.79095936, -0.7649187)","(-28.799999999999997, 43.05, 14.399999999999999)"
834,13:25:59,2:38:15,"(2.2947561, -9.867451229999999, -0.7649187)","(-27.599999999999998, 43.35, 13.799999999999999)"
835,13:26:10,2:38:25,"(2.256510165, -9.79095936, -0.7649187)","(-28.5, 44.4, 14.7)"
836,13:26:20,2:38:36,"(2.256510165, -9.676221555, -0.8031646349999999)","(-28.799999999999997, 45.0, 15.149999999999999)"
837,13:26:31,2:38:47,"(2.21826423, -9.867451229999999, -0.84141057)","(-29.25, 45.0, 15.299999999999999)"
838,13:26:41,2:38:57,"(2.256510165, -9.79095936, -0.7649187)","(-29.099999999999998, 44.25, 16.5)"
839,13:26:52,2:39:8,"(2.180018295, -9.867451229999999, -0.84141057)","(-28.799999999999997, 45.449999999999996, 16.8)"
840,13:27:04,2:39:19,"(2.180018295, -9.752713425, -0.8031646349999999)","(-28.349999999999998, 46.05, 16.65)"
841,13:27:14,2:39:30,"(10.32640245, -9.71446749, -0.191229675)","(-53.55, 22.5, 19.2)"
842,13:27:25,2:39:41,"(8.069892285, -7.151989844999999, -1.68282114)","(-46.5, 37.35, 17.7)"
843,13:27:36,2:39:51,"(7.649187, -6.27233334, -1.9887886199999998)","(-21.599999999999998, 52.8, 1.7999999999999998)"
